,score,year,pond,time_stamp
/Volumes/Expansion/Frog Call Project/Calling Data/Frog Calls/ichaway_2015/8a/20150202_194400.wav,89.4815929860322,2015,8a,212.0
/Volumes/Expansion/Frog Call Project/Calling Data/Frog Calls/ichaway_2015/8a/20150316_001600.wav,87.92433199338753,2015,8a,128.0
/Volumes/Expansion/Frog Call Project/Calling Data/Frog Calls/ichaway_2015/8a/20150315_001500.wav,80.48751886330203,2015,8a,111.0
/Volumes/Expansion/Frog Call Project/Calling Data/Frog Calls/ichaway_2015/8a/20150314_231500.wav,77.68873049683762,2015,8a,165.0
/Volumes/Expansion/Frog Call Project/Calling Data/Frog Calls/ichaway_2015/8a/20150319_221900.wav,74.1552702910037,2015,8a,299.0
/Volumes/Expansion/Frog Call Project/Calling Data/Frog Calls/ichaway_2015/8a/20150627_221600.wav,73.31788268885279,2015,8a,121.0
/Volumes/Expansion/Frog Call Project/Calling Data/Frog Calls/ichaway_2015/8a/20150203_214500.wav,73.27881057950647,2015,8a,5.0
/Volumes/Expansion/Frog Call Project/Calling Data/Frog Calls/ichaway_2015/8a/20150219_005700.wav,71.6684289441914,2015,8a,176.0
/Volumes/Expansion/Frog Call Project/Calling Data/Frog Calls/ichaway_2015/8a/20150202_204400.wav,70.214746432492,2015,8a,190.0
/Volumes/Expansion/Frog Call Project/Calling Data/Frog Calls/ichaway_2015/8a/20150218_235700.wav,69.18253141450157,2015,8a,201.0
/Volumes/Expansion/Frog Call Project/Calling Data/Frog Calls/ichaway_2015/8a/20150430_224600.wav,68.46813138962956,2015,8a,84.0
/Volumes/Expansion/Frog Call Project/Calling Data/Frog Calls/ichaway_2015/8a/20150216_235600.wav,67.4272756698977,2015,8a,180.0
/Volumes/Expansion/Frog Call Project/Calling Data/Frog Calls/ichaway_2015/8a/20150502_204800.wav,67.41928439207763,2015,8a,245.0
/Volumes/Expansion/Frog Call Project/Calling Data/Frog Calls/ichaway_2015/8a/20150202_214400.wav,66.18951674340263,2015,8a,142.0
/Volumes/Expansion/Frog Call Project/Calling Data/Frog Calls/ichaway_2015/8a/20150430_204600.wav,65.55564464881317,2015,8a,226.0
/Volumes/Expansion/Frog Call Project/Calling Data/Frog Calls/ichaway_2015/8a/20150417_003700.wav,65.19893274480698,2015,8a,158.0
/Volumes/Expansion/Frog Call Project/Calling Data/Frog Calls/ichaway_2015/8a/20150202_184400.wav,64.1407089934692,2015,8a,55.0
/Volumes/Expansion/Frog Call Project/Calling Data/Frog Calls/ichaway_2015/8a/20150409_203200.wav,61.863432475617934,2015,8a,33.0
/Volumes/Expansion/Frog Call Project/Calling Data/Frog Calls/ichaway_2015/8a/20150203_204500.wav,61.85855281616467,2015,8a,247.0
/Volumes/Expansion/Frog Call Project/Calling Data/Frog Calls/ichaway_2015/8a/20150320_231900.wav,60.82098425455722,2015,8a,116.0
/Volumes/Expansion/Frog Call Project/Calling Data/Frog Calls/ichaway_2015/8a/20150218_225700.wav,60.35744873879035,2015,8a,173.0
/Volumes/Expansion/Frog Call Project/Calling Data/Frog Calls/ichaway_2015/8a/20150216_195600.wav,59.71908213685493,2015,8a,10.0
/Volumes/Expansion/Frog Call Project/Calling Data/Frog Calls/ichaway_2015/8a/20150502_214800.wav,58.333132559949775,2015,8a,128.0
/Volumes/Expansion/Frog Call Project/Calling Data/Frog Calls/ichaway_2015/8a/20150203_194500.wav,57.065635016676524,2015,8a,20.0
/Volumes/Expansion/Frog Call Project/Calling Data/Frog Calls/ichaway_2015/8a/20150225_210300.wav,56.83918230012351,2015,8a,48.0
/Volumes/Expansion/Frog Call Project/Calling Data/Frog Calls/ichaway_2015/8a/20150305_190900.wav,56.18858149361432,2015,8a,237.0
/Volumes/Expansion/Frog Call Project/Calling Data/Frog Calls/ichaway_2015/8a/20150216_225600.wav,55.59146206355189,2015,8a,181.0
/Volumes/Expansion/Frog Call Project/Calling Data/Frog Calls/ichaway_2015/8a/20150409_223200.wav,53.57459391247101,2015,8a,70.0
/Volumes/Expansion/Frog Call Project/Calling Data/Frog Calls/ichaway_2015/8a/20150615_001300.wav,53.39256805463939,2015,8a,218.0
/Volumes/Expansion/Frog Call Project/Calling Data/Frog Calls/ichaway_2015/8a/20150218_205700.wav,52.75541596091261,2015,8a,229.0
/Volumes/Expansion/Frog Call Project/Calling Data/Frog Calls/ichaway_2015/8a/20150218_215700.wav,52.7222502606927,2015,8a,84.0
/Volumes/Expansion/Frog Call Project/Calling Data/Frog Calls/ichaway_2015/8a/20150416_223700.wav,52.037792970016916,2015,8a,196.0
/Volumes/Expansion/Frog Call Project/Calling Data/Frog Calls/ichaway_2015/8a/20150629_231600.wav,51.98417721514503,2015,8a,82.0
/Volumes/Expansion/Frog Call Project/Calling Data/Frog Calls/ichaway_2015/8a/20150216_205600.wav,51.62293529452687,2015,8a,293.0
/Volumes/Expansion/Frog Call Project/Calling Data/Frog Calls/ichaway_2015/8a/20150629_211600.wav,51.39276922205049,2015,8a,258.0
/Volumes/Expansion/Frog Call Project/Calling Data/Frog Calls/ichaway_2015/8a/20150629_221600.wav,51.36756303907344,2015,8a,251.0
/Volumes/Expansion/Frog Call Project/Calling Data/Frog Calls/ichaway_2015/8a/20150216_215600.wav,50.75356679001643,2015,8a,86.0
/Volumes/Expansion/Frog Call Project/Calling Data/Frog Calls/ichaway_2015/8a/20150504_204900.wav,50.69724131525444,2015,8a,206.0
/Volumes/Expansion/Frog Call Project/Calling Data/Frog Calls/ichaway_2015/8a/20150312_231400.wav,50.54050308644669,2015,8a,106.0
/Volumes/Expansion/Frog Call Project/Calling Data/Frog Calls/ichaway_2015/8a/20150306_000900.wav,49.393118860029674,2015,8a,123.0
/Volumes/Expansion/Frog Call Project/Calling Data/Frog Calls/ichaway_2015/8a/20150216_185600.wav,49.33481602405659,2015,8a,32.0
/Volumes/Expansion/Frog Call Project/Calling Data/Frog Calls/ichaway_2015/8a/20150217_005600.wav,49.19189274420208,2015,8a,200.0
/Volumes/Expansion/Frog Call Project/Calling Data/Frog Calls/ichaway_2015/8a/20150410_233300.wav,48.71610959726502,2015,8a,278.0
/Volumes/Expansion/Frog Call Project/Calling Data/Frog Calls/ichaway_2015/8a/20150626_211600.wav,48.569611013755456,2015,8a,38.0
/Volumes/Expansion/Frog Call Project/Calling Data/Frog Calls/ichaway_2015/8a/20150615_211300.wav,48.15392989539108,2015,8a,106.0
/Volumes/Expansion/Frog Call Project/Calling Data/Frog Calls/ichaway_2015/8a/20150625_211600.wav,47.99257718106221,2015,8a,234.0
/Volumes/Expansion/Frog Call Project/Calling Data/Frog Calls/ichaway_2015/8a/20150305_230900.wav,47.95099269895563,2015,8a,170.0
/Volumes/Expansion/Frog Call Project/Calling Data/Frog Calls/ichaway_2015/8a/20150225_190300.wav,47.8788347414059,2015,8a,17.0
/Volumes/Expansion/Frog Call Project/Calling Data/Frog Calls/ichaway_2015/8a/20150411_003300.wav,47.7642486872015,2015,8a,262.0
/Volumes/Expansion/Frog Call Project/Calling Data/Frog Calls/ichaway_2015/8a/20150612_221200.wav,47.48739340676418,2015,8a,287.0
/Volumes/Expansion/Frog Call Project/Calling Data/Frog Calls/ichaway_2015/8a/20150516_235700.wav,47.223267709612095,2015,8a,175.0
/Volumes/Expansion/Frog Call Project/Calling Data/Frog Calls/ichaway_2015/8a/20150411_223400.wav,47.22246322069864,2015,8a,126.0
/Volumes/Expansion/Frog Call Project/Calling Data/Frog Calls/ichaway_2015/8a/20150305_210900.wav,46.85055561862137,2015,8a,36.0
/Volumes/Expansion/Frog Call Project/Calling Data/Frog Calls/ichaway_2015/8a/20150403_202800.wav,46.671198630847904,2015,8a,46.0
/Volumes/Expansion/Frog Call Project/Calling Data/Frog Calls/ichaway_2015/8a/20150630_001600.wav,46.59585663925212,2015,8a,284.0
/Volumes/Expansion/Frog Call Project/Calling Data/Frog Calls/ichaway_2015/8a/20150227_000400.wav,46.54244159192387,2015,8a,120.0
/Volumes/Expansion/Frog Call Project/Calling Data/Frog Calls/ichaway_2015/8a/20150607_211000.wav,46.42787863331005,2015,8a,280.0
/Volumes/Expansion/Frog Call Project/Calling Data/Frog Calls/ichaway_2015/8a/20150409_193200.wav,46.101653992070624,2015,8a,163.0
/Volumes/Expansion/Frog Call Project/Calling Data/Frog Calls/ichaway_2015/8a/20150421_003900.wav,45.9703844445288,2015,8a,36.0
/Volumes/Expansion/Frog Call Project/Calling Data/Frog Calls/ichaway_2015/8a/20150314_201500.wav,45.652721263197215,2015,8a,285.0
/Volumes/Expansion/Frog Call Project/Calling Data/Frog Calls/ichaway_2015/8a/20150411_213400.wav,45.56764001485777,2015,8a,147.0
/Volumes/Expansion/Frog Call Project/Calling Data/Frog Calls/ichaway_2015/8a/20150307_221000.wav,45.477476099598675,2015,8a,135.0
/Volumes/Expansion/Frog Call Project/Calling Data/Frog Calls/ichaway_2015/8a/20150613_211300.wav,45.210818861488924,2015,8a,257.0
/Volumes/Expansion/Frog Call Project/Calling Data/Frog Calls/ichaway_2015/8a/20150203_184500.wav,44.772194763304775,2015,8a,272.0
/Volumes/Expansion/Frog Call Project/Calling Data/Frog Calls/ichaway_2015/8a/20150226_190400.wav,43.991427480812575,2015,8a,198.0
/Volumes/Expansion/Frog Call Project/Calling Data/Frog Calls/ichaway_2015/8a/20150315_231600.wav,43.649766491253644,2015,8a,261.0
/Volumes/Expansion/Frog Call Project/Calling Data/Frog Calls/ichaway_2015/8a/20150419_193900.wav,43.613698238221005,2015,8a,120.0
/Volumes/Expansion/Frog Call Project/Calling Data/Frog Calls/ichaway_2015/8a/20150606_231000.wav,43.5445495251147,2015,8a,250.0
/Volumes/Expansion/Frog Call Project/Calling Data/Frog Calls/ichaway_2015/8a/20150202_224400.wav,43.33120218879985,2015,8a,142.0
/Volumes/Expansion/Frog Call Project/Calling Data/Frog Calls/ichaway_2015/8a/20150417_213700.wav,43.11942063775061,2015,8a,140.0
/Volumes/Expansion/Frog Call Project/Calling Data/Frog Calls/ichaway_2015/8a/20150405_203000.wav,43.0440707807455,2015,8a,93.0
/Volumes/Expansion/Frog Call Project/Calling Data/Frog Calls/ichaway_2015/8a/20150606_000900.wav,42.087961855567315,2015,8a,114.0
/Volumes/Expansion/Frog Call Project/Calling Data/Frog Calls/ichaway_2015/8a/20150614_211300.wav,42.04493804084628,2015,8a,198.0
/Volumes/Expansion/Frog Call Project/Calling Data/Frog Calls/ichaway_2015/8a/20150430_214600.wav,41.86998545526007,2015,8a,63.0
/Volumes/Expansion/Frog Call Project/Calling Data/Frog Calls/ichaway_2015/8a/20150504_214900.wav,41.43118412338135,2015,8a,80.0
/Volumes/Expansion/Frog Call Project/Calling Data/Frog Calls/ichaway_2015/8a/20150204_224600.wav,40.63483775310766,2015,8a,132.0
/Volumes/Expansion/Frog Call Project/Calling Data/Frog Calls/ichaway_2015/8a/20150224_000100.wav,40.48916217480846,2015,8a,79.0
/Volumes/Expansion/Frog Call Project/Calling Data/Frog Calls/ichaway_2015/8a/20150224_210200.wav,40.251416130409915,2015,8a,26.0
/Volumes/Expansion/Frog Call Project/Calling Data/Frog Calls/ichaway_2015/8a/20150607_231000.wav,39.86258064785848,2015,8a,243.0
/Volumes/Expansion/Frog Call Project/Calling Data/Frog Calls/ichaway_2015/8a/20150225_000200.wav,39.79839467257687,2015,8a,157.0
/Volumes/Expansion/Frog Call Project/Calling Data/Frog Calls/ichaway_2015/8a/20150309_001100.wav,39.68600876876762,2015,8a,118.0
/Volumes/Expansion/Frog Call Project/Calling Data/Frog Calls/ichaway_2015/8a/20150612_001200.wav,39.57913616158186,2015,8a,8.0
/Volumes/Expansion/Frog Call Project/Calling Data/Frog Calls/ichaway_2015/8a/20150409_213200.wav,39.21134864743688,2015,8a,237.0
/Volumes/Expansion/Frog Call Project/Calling Data/Frog Calls/ichaway_2015/8a/20150312_211400.wav,39.12437716485271,2015,8a,280.0
/Volumes/Expansion/Frog Call Project/Calling Data/Frog Calls/ichaway_2015/8a/20150504_224900.wav,38.659685772227704,2015,8a,161.0
/Volumes/Expansion/Frog Call Project/Calling Data/Frog Calls/ichaway_2015/8a/20150607_001000.wav,38.440129041330984,2015,8a,23.0
/Volumes/Expansion/Frog Call Project/Calling Data/Frog Calls/ichaway_2015/8a/20150205_214700.wav,38.2768713530112,2015,8a,163.0
/Volumes/Expansion/Frog Call Project/Calling Data/Frog Calls/ichaway_2015/8a/20150305_220900.wav,38.260774989753905,2015,8a,124.0
/Volumes/Expansion/Frog Call Project/Calling Data/Frog Calls/ichaway_2015/8a/20150611_221200.wav,38.19594844029095,2015,8a,89.0
/Volumes/Expansion/Frog Call Project/Calling Data/Frog Calls/ichaway_2015/8a/20150503_004800.wav,38.17170117463729,2015,8a,297.0
/Volumes/Expansion/Frog Call Project/Calling Data/Frog Calls/ichaway_2015/8a/20150605_230900.wav,37.807725397842376,2015,8a,286.0
/Volumes/Expansion/Frog Call Project/Calling Data/Frog Calls/ichaway_2015/8a/20150307_211000.wav,37.782178360521165,2015,8a,299.0
/Volumes/Expansion/Frog Call Project/Calling Data/Frog Calls/ichaway_2015/8a/20150307_201000.wav,37.48753620720494,2015,8a,299.0
/Volumes/Expansion/Frog Call Project/Calling Data/Frog Calls/ichaway_2015/8a/20150305_200900.wav,37.39847137624095,2015,8a,14.0
/Volumes/Expansion/Frog Call Project/Calling Data/Frog Calls/ichaway_2015/8a/20150225_200300.wav,37.303153596327206,2015,8a,214.0
/Volumes/Expansion/Frog Call Project/Calling Data/Frog Calls/ichaway_2015/8a/20150205_194700.wav,37.000446228806744,2015,8a,107.0
/Volumes/Expansion/Frog Call Project/Calling Data/Frog Calls/ichaway_2015/8a/20150321_192000.wav,36.90333903514057,2015,8a,88.0
/Volumes/Expansion/Frog Call Project/Calling Data/Frog Calls/ichaway_2015/8a/20150226_230400.wav,36.86645783755997,2015,8a,66.0
/Volumes/Expansion/Frog Call Project/Calling Data/Frog Calls/ichaway_2015/8a/20150223_220100.wav,36.70240996452385,2015,8a,46.0
/Volumes/Expansion/Frog Call Project/Calling Data/Frog Calls/ichaway_2015/8a/20150224_220200.wav,36.67690486391501,2015,8a,235.0
/Volumes/Expansion/Frog Call Project/Calling Data/Frog Calls/ichaway_2015/8a/20150416_213700.wav,36.30300272655633,2015,8a,134.0
/Volumes/Expansion/Frog Call Project/Calling Data/Frog Calls/ichaway_2015/8a/20150409_233200.wav,36.09426481414644,2015,8a,288.0
/Volumes/Expansion/Frog Call Project/Calling Data/Frog Calls/ichaway_2015/8a/20150411_203400.wav,35.47255230850444,2015,8a,241.0
/Volumes/Expansion/Frog Call Project/Calling Data/Frog Calls/ichaway_2015/8a/20150226_000300.wav,35.357827036668255,2015,8a,230.0
/Volumes/Expansion/Frog Call Project/Calling Data/Frog Calls/ichaway_2015/8a/20150405_193000.wav,35.35053242598099,2015,8a,170.0
/Volumes/Expansion/Frog Call Project/Calling Data/Frog Calls/ichaway_2015/8a/20150615_221300.wav,35.24480266430785,2015,8a,87.0
/Volumes/Expansion/Frog Call Project/Calling Data/Frog Calls/ichaway_2015/8a/20150611_231200.wav,35.23238840376094,2015,8a,253.0
/Volumes/Expansion/Frog Call Project/Calling Data/Frog Calls/ichaway_2015/8a/20150205_234700.wav,35.12597572577353,2015,8a,137.0
/Volumes/Expansion/Frog Call Project/Calling Data/Frog Calls/ichaway_2015/8a/20150402_202800.wav,35.04275647567306,2015,8a,278.0
/Volumes/Expansion/Frog Call Project/Calling Data/Frog Calls/ichaway_2015/8a/20150403_212800.wav,34.10944952450502,2015,8a,40.0
/Volumes/Expansion/Frog Call Project/Calling Data/Frog Calls/ichaway_2015/8a/20150223_230100.wav,33.73458257824913,2015,8a,227.0
/Volumes/Expansion/Frog Call Project/Calling Data/Frog Calls/ichaway_2015/8a/20150226_210400.wav,33.733724040244894,2015,8a,260.0
/Volumes/Expansion/Frog Call Project/Calling Data/Frog Calls/ichaway_2015/8a/20150627_211600.wav,33.11876776973225,2015,8a,28.0
/Volumes/Expansion/Frog Call Project/Calling Data/Frog Calls/ichaway_2015/8a/20150322_202000.wav,32.97997786164781,2015,8a,243.0
/Volumes/Expansion/Frog Call Project/Calling Data/Frog Calls/ichaway_2015/8a/20150627_001600.wav,32.931963043500396,2015,8a,11.0
/Volumes/Expansion/Frog Call Project/Calling Data/Frog Calls/ichaway_2015/8a/20150313_221400.wav,32.863710741659,2015,8a,179.0
/Volumes/Expansion/Frog Call Project/Calling Data/Frog Calls/ichaway_2015/8a/20150612_211200.wav,32.82877087028319,2015,8a,149.0
/Volumes/Expansion/Frog Call Project/Calling Data/Frog Calls/ichaway_2015/8a/20150224_230200.wav,32.51214560053557,2015,8a,289.0
/Volumes/Expansion/Frog Call Project/Calling Data/Frog Calls/ichaway_2015/8a/20150412_193400.wav,32.49224583124399,2015,8a,22.0
/Volumes/Expansion/Frog Call Project/Calling Data/Frog Calls/ichaway_2015/8a/20150313_191400.wav,32.11010340822845,2015,8a,123.0
/Volumes/Expansion/Frog Call Project/Calling Data/Frog Calls/ichaway_2015/8a/20150204_214600.wav,31.87855269059525,2015,8a,77.0
/Volumes/Expansion/Frog Call Project/Calling Data/Frog Calls/ichaway_2015/8a/20150224_200200.wav,31.803769115267233,2015,8a,213.0
/Volumes/Expansion/Frog Call Project/Calling Data/Frog Calls/ichaway_2015/8a/20150218_195700.wav,31.737278671489744,2015,8a,84.0
/Volumes/Expansion/Frog Call Project/Calling Data/Frog Calls/ichaway_2015/8a/20150226_200400.wav,31.544651559036737,2015,8a,296.0
/Volumes/Expansion/Frog Call Project/Calling Data/Frog Calls/ichaway_2015/8a/20150608_211100.wav,31.463914155838822,2015,8a,93.0
/Volumes/Expansion/Frog Call Project/Calling Data/Frog Calls/ichaway_2015/8a/20150223_210100.wav,31.074506937493204,2015,8a,72.0
/Volumes/Expansion/Frog Call Project/Calling Data/Frog Calls/ichaway_2015/8a/20150502_234800.wav,30.424308035104957,2015,8a,299.0
/Volumes/Expansion/Frog Call Project/Calling Data/Frog Calls/ichaway_2015/8a/20150217_205700.wav,30.329975371380385,2015,8a,1.0
/Volumes/Expansion/Frog Call Project/Calling Data/Frog Calls/ichaway_2015/8a/20150315_221600.wav,30.14911371848578,2015,8a,128.0
/Volumes/Expansion/Frog Call Project/Calling Data/Frog Calls/ichaway_2015/8a/20150307_231000.wav,30.11031405444808,2015,8a,146.0
/Volumes/Expansion/Frog Call Project/Calling Data/Frog Calls/ichaway_2015/8a/20150403_002800.wav,30.013532246988984,2015,8a,260.0
/Volumes/Expansion/Frog Call Project/Calling Data/Frog Calls/ichaway_2015/8a/20150205_204700.wav,29.962874786764022,2015,8a,140.0
/Volumes/Expansion/Frog Call Project/Calling Data/Frog Calls/ichaway_2015/8a/20150515_005600.wav,29.763080306588844,2015,8a,118.0
/Volumes/Expansion/Frog Call Project/Calling Data/Frog Calls/ichaway_2015/8a/20150306_231000.wav,29.70900423264429,2015,8a,21.0
/Volumes/Expansion/Frog Call Project/Calling Data/Frog Calls/ichaway_2015/8a/20150403_192800.wav,29.681388594095846,2015,8a,22.0
/Volumes/Expansion/Frog Call Project/Calling Data/Frog Calls/ichaway_2015/8a/20150515_225600.wav,29.619544837820186,2015,8a,101.0
/Volumes/Expansion/Frog Call Project/Calling Data/Frog Calls/ichaway_2015/8a/20150413_003400.wav,29.405970082061952,2015,8a,165.0
/Volumes/Expansion/Frog Call Project/Calling Data/Frog Calls/ichaway_2015/8a/20150206_004700.wav,29.322196737640713,2015,8a,289.0
/Volumes/Expansion/Frog Call Project/Calling Data/Frog Calls/ichaway_2015/8a/20150517_005700.wav,28.932831962121124,2015,8a,22.0
/Volumes/Expansion/Frog Call Project/Calling Data/Frog Calls/ichaway_2015/8a/20150418_193800.wav,28.703872492634233,2015,8a,183.0
/Volumes/Expansion/Frog Call Project/Calling Data/Frog Calls/ichaway_2015/8a/20150225_220300.wav,28.657134160089242,2015,8a,149.0
/Volumes/Expansion/Frog Call Project/Calling Data/Frog Calls/ichaway_2015/8a/20150606_221000.wav,28.646813610514656,2015,8a,72.0
/Volumes/Expansion/Frog Call Project/Calling Data/Frog Calls/ichaway_2015/8a/20150416_193700.wav,28.477480041041705,2015,8a,150.0
/Volumes/Expansion/Frog Call Project/Calling Data/Frog Calls/ichaway_2015/8a/20150405_213000.wav,28.383696387100102,2015,8a,200.0
/Volumes/Expansion/Frog Call Project/Calling Data/Frog Calls/ichaway_2015/8a/20150204_194600.wav,28.3339250695268,2015,8a,23.0
/Volumes/Expansion/Frog Call Project/Calling Data/Frog Calls/ichaway_2015/8a/20150204_234600.wav,27.936727137408408,2015,8a,47.0
/Volumes/Expansion/Frog Call Project/Calling Data/Frog Calls/ichaway_2015/8a/20150420_233900.wav,27.904210880268025,2015,8a,7.0
/Volumes/Expansion/Frog Call Project/Calling Data/Frog Calls/ichaway_2015/8a/20150420_223900.wav,27.696686821351392,2015,8a,226.0
/Volumes/Expansion/Frog Call Project/Calling Data/Frog Calls/ichaway_2015/8a/20150514_215600.wav,27.69025829496319,2015,8a,94.0
/Volumes/Expansion/Frog Call Project/Calling Data/Frog Calls/ichaway_2015/8a/20150417_223700.wav,27.67811661620258,2015,8a,221.0
/Volumes/Expansion/Frog Call Project/Calling Data/Frog Calls/ichaway_2015/8a/20150411_193400.wav,27.675968605614642,2015,8a,148.0
/Volumes/Expansion/Frog Call Project/Calling Data/Frog Calls/ichaway_2015/8a/20150515_205600.wav,27.103283668672443,2015,8a,145.0
/Volumes/Expansion/Frog Call Project/Calling Data/Frog Calls/ichaway_2015/8a/20150217_215700.wav,27.053124303135306,2015,8a,237.0
/Volumes/Expansion/Frog Call Project/Calling Data/Frog Calls/ichaway_2015/8a/20150403_222800.wav,27.01455435566021,2015,8a,243.0
/Volumes/Expansion/Frog Call Project/Calling Data/Frog Calls/ichaway_2015/8a/20150314_221500.wav,26.978507968627095,2015,8a,123.0
/Volumes/Expansion/Frog Call Project/Calling Data/Frog Calls/ichaway_2015/8a/20150504_234900.wav,26.93858552654095,2015,8a,278.0
/Volumes/Expansion/Frog Call Project/Calling Data/Frog Calls/ichaway_2015/8a/20150308_211100.wav,26.919562619799162,2015,8a,151.0
/Volumes/Expansion/Frog Call Project/Calling Data/Frog Calls/ichaway_2015/8a/20150307_001000.wav,26.84746310496116,2015,8a,133.0
/Volumes/Expansion/Frog Call Project/Calling Data/Frog Calls/ichaway_2015/8a/20150412_223400.wav,26.730181206585122,2015,8a,68.0
/Volumes/Expansion/Frog Call Project/Calling Data/Frog Calls/ichaway_2015/8a/20150608_001000.wav,26.467608297937915,2015,8a,160.0
/Volumes/Expansion/Frog Call Project/Calling Data/Frog Calls/ichaway_2015/8a/20150306_221000.wav,26.27809493143052,2015,8a,195.0
/Volumes/Expansion/Frog Call Project/Calling Data/Frog Calls/ichaway_2015/8a/20150225_230300.wav,26.238846465940448,2015,8a,115.0
/Volumes/Expansion/Frog Call Project/Calling Data/Frog Calls/ichaway_2015/8a/20150605_210900.wav,25.770186769137183,2015,8a,9.0
/Volumes/Expansion/Frog Call Project/Calling Data/Frog Calls/ichaway_2015/8a/20150307_191000.wav,25.762346041505207,2015,8a,128.0
/Volumes/Expansion/Frog Call Project/Calling Data/Frog Calls/ichaway_2015/8a/20150204_204600.wav,25.732188327650512,2015,8a,66.0
/Volumes/Expansion/Frog Call Project/Calling Data/Frog Calls/ichaway_2015/8a/20150604_210900.wav,25.707663557112767,2015,8a,140.0
/Volumes/Expansion/Frog Call Project/Calling Data/Frog Calls/ichaway_2015/8a/20150205_004600.wav,25.637621396874117,2015,8a,162.0
/Volumes/Expansion/Frog Call Project/Calling Data/Frog Calls/ichaway_2015/8a/20150205_224700.wav,25.61955120941544,2015,8a,185.0
/Volumes/Expansion/Frog Call Project/Calling Data/Frog Calls/ichaway_2015/8a/20150205_184700.wav,25.471639165193913,2015,8a,172.0
/Volumes/Expansion/Frog Call Project/Calling Data/Frog Calls/ichaway_2015/8a/20150417_233700.wav,25.44414879841183,2015,8a,273.0
/Volumes/Expansion/Frog Call Project/Calling Data/Frog Calls/ichaway_2015/8a/20150321_001900.wav,25.177962898405667,2015,8a,33.0
/Volumes/Expansion/Frog Call Project/Calling Data/Frog Calls/ichaway_2015/8a/20150412_203400.wav,25.16339842825532,2015,8a,272.0
/Volumes/Expansion/Frog Call Project/Calling Data/Frog Calls/ichaway_2015/8a/20150416_203700.wav,25.1408251950714,2015,8a,188.0
/Volumes/Expansion/Frog Call Project/Calling Data/Frog Calls/ichaway_2015/8a/20150308_221100.wav,25.073303730102005,2015,8a,75.0
/Volumes/Expansion/Frog Call Project/Calling Data/Frog Calls/ichaway_2015/8a/20150412_233400.wav,24.844548344038973,2015,8a,171.0
/Volumes/Expansion/Frog Call Project/Calling Data/Frog Calls/ichaway_2015/8a/20150406_003000.wav,24.75718711303882,2015,8a,126.0
/Volumes/Expansion/Frog Call Project/Calling Data/Frog Calls/ichaway_2015/8a/20150306_191000.wav,24.45728482561421,2015,8a,295.0
/Volumes/Expansion/Frog Call Project/Calling Data/Frog Calls/ichaway_2015/8a/20150321_202000.wav,24.426806894279284,2015,8a,1.0
/Volumes/Expansion/Frog Call Project/Calling Data/Frog Calls/ichaway_2015/8a/20150308_001000.wav,24.030442880767218,2015,8a,1.0
/Volumes/Expansion/Frog Call Project/Calling Data/Frog Calls/ichaway_2015/8a/20150223_190100.wav,23.88620690845924,2015,8a,68.0
/Volumes/Expansion/Frog Call Project/Calling Data/Frog Calls/ichaway_2015/8a/20150516_205700.wav,23.743566032674956,2015,8a,129.0
/Volumes/Expansion/Frog Call Project/Calling Data/Frog Calls/ichaway_2015/8a/20150420_003900.wav,23.574390804813177,2015,8a,283.0
/Volumes/Expansion/Frog Call Project/Calling Data/Frog Calls/ichaway_2015/8a/20150419_233900.wav,23.49216381066795,2015,8a,11.0
/Volumes/Expansion/Frog Call Project/Calling Data/Frog Calls/ichaway_2015/8a/20150518_005800.wav,23.262263963658285,2015,8a,23.0
/Volumes/Expansion/Frog Call Project/Calling Data/Frog Calls/ichaway_2015/8a/20150612_231200.wav,23.234330196384303,2015,8a,94.0
/Volumes/Expansion/Frog Call Project/Calling Data/Frog Calls/ichaway_2015/8a/20150308_231100.wav,22.999492341408423,2015,8a,65.0
/Volumes/Expansion/Frog Call Project/Calling Data/Frog Calls/ichaway_2015/8a/20150315_191600.wav,22.986514641428037,2015,8a,78.0
/Volumes/Expansion/Frog Call Project/Calling Data/Frog Calls/ichaway_2015/8a/20150320_201900.wav,22.895273830350984,2015,8a,146.0
/Volumes/Expansion/Frog Call Project/Calling Data/Frog Calls/ichaway_2015/8a/20150412_213400.wav,22.870924662855124,2015,8a,297.0
/Volumes/Expansion/Frog Call Project/Calling Data/Frog Calls/ichaway_2015/8a/20150418_003700.wav,22.763704287361644,2015,8a,278.0
/Volumes/Expansion/Frog Call Project/Calling Data/Frog Calls/ichaway_2015/8a/20150217_225700.wav,22.752538129405213,2015,8a,158.0
/Volumes/Expansion/Frog Call Project/Calling Data/Frog Calls/ichaway_2015/8a/20150224_190200.wav,22.649518732470966,2015,8a,161.0
/Volumes/Expansion/Frog Call Project/Calling Data/Frog Calls/ichaway_2015/8a/20150306_211000.wav,22.635052657069135,2015,8a,163.0
/Volumes/Expansion/Frog Call Project/Calling Data/Frog Calls/ichaway_2015/8a/20150404_222900.wav,22.57809605623889,2015,8a,78.0
/Volumes/Expansion/Frog Call Project/Calling Data/Frog Calls/ichaway_2015/8a/20150204_184600.wav,22.400167617027666,2015,8a,286.0
/Volumes/Expansion/Frog Call Project/Calling Data/Frog Calls/ichaway_2015/8a/20150404_192900.wav,22.24213866409418,2015,8a,266.0
/Volumes/Expansion/Frog Call Project/Calling Data/Frog Calls/ichaway_2015/8a/20150404_232900.wav,22.203281599981068,2015,8a,140.0
/Volumes/Expansion/Frog Call Project/Calling Data/Frog Calls/ichaway_2015/8a/20150312_221400.wav,22.019578070921966,2015,8a,27.0
/Volumes/Expansion/Frog Call Project/Calling Data/Frog Calls/ichaway_2015/8a/20150223_200100.wav,22.010367074386746,2015,8a,80.0
/Volumes/Expansion/Frog Call Project/Calling Data/Frog Calls/ichaway_2015/8a/20150514_235600.wav,21.815953913616692,2015,8a,72.0
/Volumes/Expansion/Frog Call Project/Calling Data/Frog Calls/ichaway_2015/8a/20150615_231300.wav,21.79460998029003,2015,8a,220.0
/Volumes/Expansion/Frog Call Project/Calling Data/Frog Calls/ichaway_2015/8a/20150416_233700.wav,21.775813758190555,2015,8a,1.0
/Volumes/Expansion/Frog Call Project/Calling Data/Frog Calls/ichaway_2015/8a/20150605_000900.wav,21.54416703915964,2015,8a,163.0
/Volumes/Expansion/Frog Call Project/Calling Data/Frog Calls/ichaway_2015/8a/20150517_215800.wav,21.381279338005587,2015,8a,152.0
/Volumes/Expansion/Frog Call Project/Calling Data/Frog Calls/ichaway_2015/8a/20150607_221000.wav,21.377059402028728,2015,8a,219.0
/Volumes/Expansion/Frog Call Project/Calling Data/Frog Calls/ichaway_2015/8a/20150411_233400.wav,21.21031118987355,2015,8a,28.0
/Volumes/Expansion/Frog Call Project/Calling Data/Frog Calls/ichaway_2015/8a/20150410_193300.wav,20.981713669836868,2015,8a,108.0
/Volumes/Expansion/Frog Call Project/Calling Data/Frog Calls/ichaway_2015/8a/20150505_004900.wav,20.96620765759381,2015,8a,72.0
/Volumes/Expansion/Frog Call Project/Calling Data/Frog Calls/ichaway_2015/8a/20150321_212000.wav,20.920001347212914,2015,8a,212.0
/Volumes/Expansion/Frog Call Project/Calling Data/Frog Calls/ichaway_2015/8a/20150517_235800.wav,20.84244646660136,2015,8a,279.0
/Volumes/Expansion/Frog Call Project/Calling Data/Frog Calls/ichaway_2015/8a/20150517_225800.wav,20.747645664071502,2015,8a,230.0
/Volumes/Expansion/Frog Call Project/Calling Data/Frog Calls/ichaway_2015/8a/20150202_234400.wav,20.738658819962467,2015,8a,247.0
/Volumes/Expansion/Frog Call Project/Calling Data/Frog Calls/ichaway_2015/8a/20150218_185700.wav,20.533121349918456,2015,8a,95.0
/Volumes/Expansion/Frog Call Project/Calling Data/Frog Calls/ichaway_2015/8a/20150628_001600.wav,20.489925352673833,2015,8a,9.0
/Volumes/Expansion/Frog Call Project/Calling Data/Frog Calls/ichaway_2015/8a/20150420_193900.wav,20.4676528747754,2015,8a,252.0
/Volumes/Expansion/Frog Call Project/Calling Data/Frog Calls/ichaway_2015/8a/20150204_004500.wav,20.389285079850968,2015,8a,20.0
/Volumes/Expansion/Frog Call Project/Calling Data/Frog Calls/ichaway_2015/8a/20150320_191900.wav,19.857069636212287,2015,8a,147.0
/Volumes/Expansion/Frog Call Project/Calling Data/Frog Calls/ichaway_2015/8a/20150403_232800.wav,19.785622710899197,2015,8a,107.0
/Volumes/Expansion/Frog Call Project/Calling Data/Frog Calls/ichaway_2015/8a/20150404_002800.wav,19.779595906923696,2015,8a,166.0
/Volumes/Expansion/Frog Call Project/Calling Data/Frog Calls/ichaway_2015/8a/20150322_002000.wav,19.693615371387942,2015,8a,59.0
/Volumes/Expansion/Frog Call Project/Calling Data/Frog Calls/ichaway_2015/8a/20150402_222800.wav,19.503908582131757,2015,8a,150.0
/Volumes/Expansion/Frog Call Project/Calling Data/Frog Calls/ichaway_2015/8a/20150417_193700.wav,19.467270826034007,2015,8a,138.0
/Volumes/Expansion/Frog Call Project/Calling Data/Frog Calls/ichaway_2015/8a/20150322_192000.wav,19.42838239713092,2015,8a,126.0
/Volumes/Expansion/Frog Call Project/Calling Data/Frog Calls/ichaway_2015/8a/20150402_212800.wav,19.427237999369975,2015,8a,221.0
/Volumes/Expansion/Frog Call Project/Calling Data/Frog Calls/ichaway_2015/8a/20150410_203300.wav,19.39084194185252,2015,8a,83.0
/Volumes/Expansion/Frog Call Project/Calling Data/Frog Calls/ichaway_2015/8a/20150405_233000.wav,19.3065423112294,2015,8a,105.0
/Volumes/Expansion/Frog Call Project/Calling Data/Frog Calls/ichaway_2015/8a/20150218_005700.wav,19.192969774939776,2015,8a,127.0
/Volumes/Expansion/Frog Call Project/Calling Data/Frog Calls/ichaway_2015/8a/20150315_211600.wav,19.062242582281122,2015,8a,59.0
/Volumes/Expansion/Frog Call Project/Calling Data/Frog Calls/ichaway_2015/8a/20150626_001600.wav,19.023422115923363,2015,8a,284.0
/Volumes/Expansion/Frog Call Project/Calling Data/Frog Calls/ichaway_2015/8a/20150308_201100.wav,18.970937039744367,2015,8a,127.0
/Volumes/Expansion/Frog Call Project/Calling Data/Frog Calls/ichaway_2015/8a/20150226_220400.wav,18.783102037872844,2015,8a,126.0
/Volumes/Expansion/Frog Call Project/Calling Data/Frog Calls/ichaway_2015/8a/20150306_201000.wav,18.684976337710292,2015,8a,286.0
/Volumes/Expansion/Frog Call Project/Calling Data/Frog Calls/ichaway_2015/8a/20150518_215800.wav,18.680591110494984,2015,8a,14.0
/Volumes/Expansion/Frog Call Project/Calling Data/Frog Calls/ichaway_2015/8a/20150315_201600.wav,18.665216502877133,2015,8a,275.0
/Volumes/Expansion/Frog Call Project/Calling Data/Frog Calls/ichaway_2015/8a/20150512_205400.wav,18.54252960776878,2015,8a,73.0
/Volumes/Expansion/Frog Call Project/Calling Data/Frog Calls/ichaway_2015/8a/20150320_211900.wav,18.378885613480517,2015,8a,85.0
/Volumes/Expansion/Frog Call Project/Calling Data/Frog Calls/ichaway_2015/8a/20150625_231600.wav,17.763581812720282,2015,8a,149.0
/Volumes/Expansion/Frog Call Project/Calling Data/Frog Calls/ichaway_2015/8a/20150203_234500.wav,17.700386026975426,2015,8a,257.0
/Volumes/Expansion/Frog Call Project/Calling Data/Frog Calls/ichaway_2015/8a/20150512_005400.wav,17.62559904903895,2015,8a,193.0
/Volumes/Expansion/Frog Call Project/Calling Data/Frog Calls/ichaway_2015/8a/20150410_223300.wav,17.62318941119046,2015,8a,51.0
/Volumes/Expansion/Frog Call Project/Calling Data/Frog Calls/ichaway_2015/8a/20150609_001100.wav,17.608884483931458,2015,8a,35.0
/Volumes/Expansion/Frog Call Project/Calling Data/Frog Calls/ichaway_2015/8a/20150412_003400.wav,17.394104545041344,2015,8a,30.0
/Volumes/Expansion/Frog Call Project/Calling Data/Frog Calls/ichaway_2015/8a/20150511_235400.wav,17.2314878835439,2015,8a,3.0
/Volumes/Expansion/Frog Call Project/Calling Data/Frog Calls/ichaway_2015/8a/20150515_235600.wav,17.230134056922072,2015,8a,100.0
/Volumes/Expansion/Frog Call Project/Calling Data/Frog Calls/ichaway_2015/8a/20150515_215600.wav,17.20382699780701,2015,8a,69.0
/Volumes/Expansion/Frog Call Project/Calling Data/Frog Calls/ichaway_2015/8a/20150404_212900.wav,17.121681327606566,2015,8a,147.0
/Volumes/Expansion/Frog Call Project/Calling Data/Frog Calls/ichaway_2015/8a/20150502_224800.wav,17.050403603034894,2015,8a,31.0
/Volumes/Expansion/Frog Call Project/Calling Data/Frog Calls/ichaway_2015/8a/20150313_001400.wav,16.93095917555041,2015,8a,93.0
/Volumes/Expansion/Frog Call Project/Calling Data/Frog Calls/ichaway_2015/8a/20150514_205600.wav,16.51023617350173,2015,8a,142.0
/Volumes/Expansion/Frog Call Project/Calling Data/Frog Calls/ichaway_2015/8a/20150417_203700.wav,16.482967481176246,2015,8a,182.0
/Volumes/Expansion/Frog Call Project/Calling Data/Frog Calls/ichaway_2015/8a/20150608_231100.wav,16.262383524772794,2015,8a,234.0
/Volumes/Expansion/Frog Call Project/Calling Data/Frog Calls/ichaway_2015/8a/20150608_221100.wav,16.210048757359093,2015,8a,110.0
/Volumes/Expansion/Frog Call Project/Calling Data/Frog Calls/ichaway_2015/8a/20150217_235700.wav,15.972333666764003,2015,8a,159.0
/Volumes/Expansion/Frog Call Project/Calling Data/Frog Calls/ichaway_2015/8a/20150604_230900.wav,15.941711933042049,2015,8a,151.0
/Volumes/Expansion/Frog Call Project/Calling Data/Frog Calls/ichaway_2015/8a/20150217_185700.wav,15.902167693977413,2015,8a,19.0
/Volumes/Expansion/Frog Call Project/Calling Data/Frog Calls/ichaway_2015/8a/20150420_213900.wav,15.887196159642915,2015,8a,105.0
/Volumes/Expansion/Frog Call Project/Calling Data/Frog Calls/ichaway_2015/8a/20150217_195700.wav,15.87161804896444,2015,8a,237.0
/Volumes/Expansion/Frog Call Project/Calling Data/Frog Calls/ichaway_2015/8a/20150611_211200.wav,15.475484640851374,2015,8a,240.0
/Volumes/Expansion/Frog Call Project/Calling Data/Frog Calls/ichaway_2015/8a/20150626_231600.wav,15.332434094358725,2015,8a,151.0
/Volumes/Expansion/Frog Call Project/Calling Data/Frog Calls/ichaway_2015/8a/20150604_220900.wav,15.280221108458676,2015,8a,36.0
/Volumes/Expansion/Frog Call Project/Calling Data/Frog Calls/ichaway_2015/8a/20150512_235400.wav,15.231365162514058,2015,8a,66.0
/Volumes/Expansion/Frog Call Project/Calling Data/Frog Calls/ichaway_2015/8a/20150516_215700.wav,15.15978113269837,2015,8a,84.0
/Volumes/Expansion/Frog Call Project/Calling Data/Frog Calls/ichaway_2015/8a/20150314_191500.wav,14.88372516084336,2015,8a,179.0
/Volumes/Expansion/Frog Call Project/Calling Data/Frog Calls/ichaway_2015/8a/20150410_003200.wav,14.850842733829461,2015,8a,88.0
/Volumes/Expansion/Frog Call Project/Calling Data/Frog Calls/ichaway_2015/8a/20150203_224500.wav,14.6968939374176,2015,8a,275.0
/Volumes/Expansion/Frog Call Project/Calling Data/Frog Calls/ichaway_2015/8a/20150405_002900.wav,14.49318963828503,2015,8a,38.0
/Volumes/Expansion/Frog Call Project/Calling Data/Frog Calls/ichaway_2015/8a/20150513_005400.wav,14.46232318568541,2015,8a,61.0
/Volumes/Expansion/Frog Call Project/Calling Data/Frog Calls/ichaway_2015/8a/20150629_001600.wav,14.37844983586211,2015,8a,263.0
/Volumes/Expansion/Frog Call Project/Calling Data/Frog Calls/ichaway_2015/8a/20150605_220900.wav,14.35694771429493,2015,8a,16.0
/Volumes/Expansion/Frog Call Project/Calling Data/Frog Calls/ichaway_2015/8a/20150514_225600.wav,14.239563972213542,2015,8a,26.0
/Volumes/Expansion/Frog Call Project/Calling Data/Frog Calls/ichaway_2015/8a/20150314_211500.wav,14.080158261249114,2015,8a,293.0
/Volumes/Expansion/Frog Call Project/Calling Data/Frog Calls/ichaway_2015/8a/20150628_231600.wav,14.006137966228096,2015,8a,210.0
/Volumes/Expansion/Frog Call Project/Calling Data/Frog Calls/ichaway_2015/8a/20150516_005600.wav,13.99260523458906,2015,8a,86.0
/Volumes/Expansion/Frog Call Project/Calling Data/Frog Calls/ichaway_2015/8a/20150614_001300.wav,13.950262407365988,2015,8a,267.0
/Volumes/Expansion/Frog Call Project/Calling Data/Frog Calls/ichaway_2015/8a/20150606_211000.wav,13.907272694561646,2015,8a,194.0
/Volumes/Expansion/Frog Call Project/Calling Data/Frog Calls/ichaway_2015/8a/20150614_231300.wav,13.827303188357444,2015,8a,133.0
/Volumes/Expansion/Frog Call Project/Calling Data/Frog Calls/ichaway_2015/8a/20150314_001400.wav,13.763042492153158,2015,8a,144.0
/Volumes/Expansion/Frog Call Project/Calling Data/Frog Calls/ichaway_2015/8a/20150516_225700.wav,13.719651106648106,2015,8a,283.0
/Volumes/Expansion/Frog Call Project/Calling Data/Frog Calls/ichaway_2015/8a/20150219_215800.wav,13.632625715149171,2015,8a,244.0
/Volumes/Expansion/Frog Call Project/Calling Data/Frog Calls/ichaway_2015/8a/20150404_202900.wav,13.581333529865459,2015,8a,200.0
/Volumes/Expansion/Frog Call Project/Calling Data/Frog Calls/ichaway_2015/8a/20150626_221600.wav,13.546186638445109,2015,8a,32.0
/Volumes/Expansion/Frog Call Project/Calling Data/Frog Calls/ichaway_2015/8a/20150312_191400.wav,13.436805281974037,2015,8a,50.0
/Volumes/Expansion/Frog Call Project/Calling Data/Frog Calls/ichaway_2015/8a/20150313_201400.wav,13.424780648672348,2015,8a,235.0
/Volumes/Expansion/Frog Call Project/Calling Data/Frog Calls/ichaway_2015/8a/20150613_001200.wav,13.364042231399251,2015,8a,266.0
/Volumes/Expansion/Frog Call Project/Calling Data/Frog Calls/ichaway_2015/8a/20150419_003800.wav,13.321379497709593,2015,8a,69.0
/Volumes/Expansion/Frog Call Project/Calling Data/Frog Calls/ichaway_2015/8a/20150405_223000.wav,13.207578009742287,2015,8a,101.0
/Volumes/Expansion/Frog Call Project/Calling Data/Frog Calls/ichaway_2015/8a/20150203_004400.wav,13.053163077985728,2015,8a,88.0
/Volumes/Expansion/Frog Call Project/Calling Data/Frog Calls/ichaway_2015/8a/20150402_232800.wav,12.974433637075675,2015,8a,114.0
/Volumes/Expansion/Frog Call Project/Calling Data/Frog Calls/ichaway_2015/8a/20150419_223900.wav,12.825511876106528,2015,8a,54.0
/Volumes/Expansion/Frog Call Project/Calling Data/Frog Calls/ichaway_2015/8a/20150219_195800.wav,12.608152354111658,2015,8a,98.0
/Volumes/Expansion/Frog Call Project/Calling Data/Frog Calls/ichaway_2015/8a/20150219_185800.wav,12.537671841811441,2015,8a,262.0
/Volumes/Expansion/Frog Call Project/Calling Data/Frog Calls/ichaway_2015/8a/20150402_192800.wav,12.43670366933454,2015,8a,172.0
/Volumes/Expansion/Frog Call Project/Calling Data/Frog Calls/ichaway_2015/8a/20150616_001300.wav,12.359177319863361,2015,8a,263.0
/Volumes/Expansion/Frog Call Project/Calling Data/Frog Calls/ichaway_2015/8a/20150511_205400.wav,12.025317748333427,2015,8a,165.0
/Volumes/Expansion/Frog Call Project/Calling Data/Frog Calls/ichaway_2015/8a/20150518_205800.wav,12.000460567697862,2015,8a,51.0
/Volumes/Expansion/Frog Call Project/Calling Data/Frog Calls/ichaway_2015/8a/20150517_205800.wav,11.923177285951848,2015,8a,184.0
/Volumes/Expansion/Frog Call Project/Calling Data/Frog Calls/ichaway_2015/8a/20150220_005800.wav,11.812060167500018,2015,8a,6.0
/Volumes/Expansion/Frog Call Project/Calling Data/Frog Calls/ichaway_2015/8a/20150628_221600.wav,11.728466734732768,2015,8a,117.0
/Volumes/Expansion/Frog Call Project/Calling Data/Frog Calls/ichaway_2015/8a/20150627_231600.wav,11.719756864037711,2015,8a,101.0
/Volumes/Expansion/Frog Call Project/Calling Data/Frog Calls/ichaway_2015/8a/20150418_233800.wav,11.657324871732419,2015,8a,134.0
/Volumes/Expansion/Frog Call Project/Calling Data/Frog Calls/ichaway_2015/8a/20150312_201400.wav,11.650762915596411,2015,8a,267.0
/Volumes/Expansion/Frog Call Project/Calling Data/Frog Calls/ichaway_2015/8a/20150219_225800.wav,11.231016204210801,2015,8a,128.0
/Volumes/Expansion/Frog Call Project/Calling Data/Frog Calls/ichaway_2015/8a/20150418_203800.wav,10.978045865771476,2015,8a,136.0
/Volumes/Expansion/Frog Call Project/Calling Data/Frog Calls/ichaway_2015/8a/20150509_005200.wav,10.897656930444766,2015,8a,288.0
/Volumes/Expansion/Frog Call Project/Calling Data/Frog Calls/ichaway_2015/8a/20150419_203900.wav,10.840538561123827,2015,8a,61.0
/Volumes/Expansion/Frog Call Project/Calling Data/Frog Calls/ichaway_2015/8a/20150613_231300.wav,10.635273475503263,2015,8a,158.0
/Volumes/Expansion/Frog Call Project/Calling Data/Frog Calls/ichaway_2015/8a/20150320_221900.wav,10.491495012610416,2015,8a,163.0
/Volumes/Expansion/Frog Call Project/Calling Data/Frog Calls/ichaway_2015/8a/20150410_213300.wav,10.434396016238232,2015,8a,99.0
/Volumes/Expansion/Frog Call Project/Calling Data/Frog Calls/ichaway_2015/8a/20150628_211600.wav,10.368103371838632,2015,8a,184.0
/Volumes/Expansion/Frog Call Project/Calling Data/Frog Calls/ichaway_2015/8a/20150313_211400.wav,10.276958137096473,2015,8a,71.0
/Volumes/Expansion/Frog Call Project/Calling Data/Frog Calls/ichaway_2015/8a/20150219_235800.wav,10.157662340899742,2015,8a,140.0
/Volumes/Expansion/Frog Call Project/Calling Data/Frog Calls/ichaway_2015/8a/20150313_231400.wav,10.146389506560975,2015,8a,168.0
/Volumes/Expansion/Frog Call Project/Calling Data/Frog Calls/ichaway_2015/8a/20150321_232000.wav,10.023668394454589,2015,8a,7.0
/Volumes/Expansion/Frog Call Project/Calling Data/Frog Calls/ichaway_2015/8a/20150614_221300.wav,9.981178381105211,2015,8a,124.0
/Volumes/Expansion/Frog Call Project/Calling Data/Frog Calls/ichaway_2015/8a/20150508_235200.wav,9.688624648099209,2015,8a,108.0
/Volumes/Expansion/Frog Call Project/Calling Data/Frog Calls/ichaway_2015/8a/20150320_001900.wav,9.615762726203346,2015,8a,152.0
/Volumes/Expansion/Frog Call Project/Calling Data/Frog Calls/ichaway_2015/8a/20150501_004600.wav,9.045837403619231,2015,8a,150.0
/Volumes/Expansion/Frog Call Project/Calling Data/Frog Calls/ichaway_2015/8a/20150518_235800.wav,9.018127181749728,2015,8a,186.0
/Volumes/Expansion/Frog Call Project/Calling Data/Frog Calls/ichaway_2015/8a/20150511_005300.wav,8.936053304223543,2015,8a,107.0
/Volumes/Expansion/Frog Call Project/Calling Data/Frog Calls/ichaway_2015/8a/20150420_203900.wav,8.935544018506935,2015,8a,40.0
/Volumes/Expansion/Frog Call Project/Calling Data/Frog Calls/ichaway_2015/8a/20150510_205300.wav,8.79823017679797,2015,8a,163.0
/Volumes/Expansion/Frog Call Project/Calling Data/Frog Calls/ichaway_2015/8a/20150219_205800.wav,8.573168303585657,2015,8a,156.0
/Volumes/Expansion/Frog Call Project/Calling Data/Frog Calls/ichaway_2015/8a/20150625_221600.wav,8.53841830809808,2015,8a,216.0
/Volumes/Expansion/Frog Call Project/Calling Data/Frog Calls/ichaway_2015/8a/20150613_221300.wav,8.160678555698393,2015,8a,253.0
/Volumes/Expansion/Frog Call Project/Calling Data/Frog Calls/ichaway_2015/8a/20150510_235300.wav,8.05060071371049,2015,8a,143.0
/Volumes/Expansion/Frog Call Project/Calling Data/Frog Calls/ichaway_2015/8a/20150322_232000.wav,8.006754946440727,2015,8a,16.0
/Volumes/Expansion/Frog Call Project/Calling Data/Frog Calls/ichaway_2015/8a/20150510_005200.wav,7.87208719595844,2015,8a,228.0
/Volumes/Expansion/Frog Call Project/Calling Data/Frog Calls/ichaway_2015/8a/20150321_222000.wav,7.851841983883698,2015,8a,67.0
/Volumes/Expansion/Frog Call Project/Calling Data/Frog Calls/ichaway_2015/8a/20150512_225400.wav,7.8300957073874144,2015,8a,123.0
/Volumes/Expansion/Frog Call Project/Calling Data/Frog Calls/ichaway_2015/8a/20150319_191900.wav,7.340698289390993,2015,8a,91.0
/Volumes/Expansion/Frog Call Project/Calling Data/Frog Calls/ichaway_2015/8a/20150509_235200.wav,7.2850204753732575,2015,8a,70.0
/Volumes/Expansion/Frog Call Project/Calling Data/Frog Calls/ichaway_2015/8a/20150419_213900.wav,7.19931323667972,2015,8a,293.0
/Volumes/Expansion/Frog Call Project/Calling Data/Frog Calls/ichaway_2015/8a/20150319_211900.wav,7.171134244496821,2015,8a,236.0
/Volumes/Expansion/Frog Call Project/Calling Data/Frog Calls/ichaway_2015/8a/20150511_215400.wav,6.669042110996958,2015,8a,82.0
/Volumes/Expansion/Frog Call Project/Calling Data/Frog Calls/ichaway_2015/8a/20150508_205200.wav,6.652035411571381,2015,8a,226.0
/Volumes/Expansion/Frog Call Project/Calling Data/Frog Calls/ichaway_2015/8a/20150512_215400.wav,6.560462729218311,2015,8a,190.0
/Volumes/Expansion/Frog Call Project/Calling Data/Frog Calls/ichaway_2015/8a/20150430_234600.wav,6.450172531252214,2015,8a,206.0
/Volumes/Expansion/Frog Call Project/Calling Data/Frog Calls/ichaway_2015/8a/20150418_213800.wav,6.4200789538280665,2015,8a,217.0
/Volumes/Expansion/Frog Call Project/Calling Data/Frog Calls/ichaway_2015/8a/20150319_231900.wav,5.96116205131398,2015,8a,183.0
/Volumes/Expansion/Frog Call Project/Calling Data/Frog Calls/ichaway_2015/8a/20150511_225400.wav,5.619784971934194,2015,8a,242.0
/Volumes/Expansion/Frog Call Project/Calling Data/Frog Calls/ichaway_2015/8a/20150308_191100.wav,4.742505352252892,2015,8a,192.0
/Volumes/Expansion/Frog Call Project/Calling Data/Frog Calls/ichaway_2015/8a/20150509_205200.wav,4.664283186939976,2015,8a,188.0
/Volumes/Expansion/Frog Call Project/Calling Data/Frog Calls/ichaway_2015/8a/20150418_223800.wav,4.661966031279954,2015,8a,68.0
/Volumes/Expansion/Frog Call Project/Calling Data/Frog Calls/ichaway_2015/8a/20150510_215300.wav,4.60801808439796,2015,8a,112.0
/Volumes/Expansion/Frog Call Project/Calling Data/Frog Calls/ichaway_2015/8a/20150323_002000.wav,3.7051453279856355,2015,8a,92.0
/Volumes/Expansion/Frog Call Project/Calling Data/Frog Calls/ichaway_2015/8a/20150509_225200.wav,3.535033158730448,2015,8a,44.0
/Volumes/Expansion/Frog Call Project/Calling Data/Frog Calls/ichaway_2015/8a/20150518_225800.wav,3.422700328112265,2015,8a,37.0
/Volumes/Expansion/Frog Call Project/Calling Data/Frog Calls/ichaway_2015/8a/20150519_005800.wav,1.8721726185652097,2015,8a,2.0
/Volumes/Expansion/Frog Call Project/Calling Data/Frog Calls/ichaway_2015/8a/20150509_215200.wav,1.532976046486001,2015,8a,44.0
/Volumes/Expansion/Frog Call Project/Calling Data/Frog Calls/ichaway_2015/8a/20150510_225300.wav,1.509494264970126,2015,8a,150.0
/Volumes/Expansion/Frog Call Project/Calling Data/Frog Calls/ichaway_2015/8a/20150508_225200.wav,1.166662819481771,2015,8a,244.0
/Volumes/Expansion/Frog Call Project/Calling Data/Frog Calls/ichaway_2015/8a/20150322_212000.wav,1.07575638812603,2015,8a,201.0
/Volumes/Expansion/Frog Call Project/Calling Data/Frog Calls/ichaway_2015/8a/20150508_215200.wav,0.6411341299708261,2015,8a,107.0
/Volumes/Expansion/Frog Call Project/Calling Data/Frog Calls/ichaway_2015/8a/20150322_222000.wav,0.144800273140703,2015,8a,252.0
/Volumes/Expansion/Frog Call Project/Calling Data/Frog Calls/ichaway_2015/8a/20150319_201900.wav,0.0,2015,8a,0.0
