file_path,score,time_stamp,year,pond
/Volumes/Expansion/Frog Call Project/Calling Data/Frog Calls/FLSHE_2021/FLSHE_2021_398/TEST_0+1_20210206_191500.wav,66.08298284783224,271.0,2021,398
/Volumes/Expansion/Frog Call Project/Calling Data/Frog Calls/FLSHE_2021/FLSHE_2021_398/TEST_0+1_20210213_022000.wav,65.03365750433608,27.0,2021,398
/Volumes/Expansion/Frog Call Project/Calling Data/Frog Calls/FLSHE_2021/FLSHE_2021_398/TEST_0+1_20210303_023500.wav,62.88886053341599,194.5,2021,398
/Volumes/Expansion/Frog Call Project/Calling Data/Frog Calls/FLSHE_2021/FLSHE_2021_398/TEST_0+1_20210128_210700.wav,62.41287367916996,244.5,2021,398
/Volumes/Expansion/Frog Call Project/Calling Data/Frog Calls/FLSHE_2021/FLSHE_2021_398/TEST_0+1_20210224_193100.wav,59.45684543352687,196.5,2021,398
/Volumes/Expansion/Frog Call Project/Calling Data/Frog Calls/FLSHE_2021/FLSHE_2021_398/TEST_0+1_20210307_203900.wav,59.42755911665915,213.5,2021,398
/Volumes/Expansion/Frog Call Project/Calling Data/Frog Calls/FLSHE_2021/FLSHE_2021_398/TEST_0+1_20210204_191300.wav,59.28625188055234,20.0,2021,398
/Volumes/Expansion/Frog Call Project/Calling Data/Frog Calls/FLSHE_2021/FLSHE_2021_398/TEST_0+1_20210218_212600.wav,58.74474501632937,179.0,2021,398
/Volumes/Expansion/Frog Call Project/Calling Data/Frog Calls/FLSHE_2021/FLSHE_2021_398/TEST_0+1_20210213_002000.wav,58.1889458006774,261.0,2021,398
/Volumes/Expansion/Frog Call Project/Calling Data/Frog Calls/FLSHE_2021/FLSHE_2021_398/TEST_0+1_20210127_020500.wav,57.52004358108959,110.5,2021,398
/Volumes/Expansion/Frog Call Project/Calling Data/Frog Calls/FLSHE_2021/FLSHE_2021_398/TEST_0+1_20210227_183300.wav,57.28259176793711,62.5,2021,398
/Volumes/Expansion/Frog Call Project/Calling Data/Frog Calls/FLSHE_2021/FLSHE_2021_398/TEST_0+1_20210203_201200.wav,55.86271940418192,27.0,2021,398
/Volumes/Expansion/Frog Call Project/Calling Data/Frog Calls/FLSHE_2021/FLSHE_2021_398/TEST_0+1_20210307_233900.wav,55.52169323250653,14.5,2021,398
/Volumes/Expansion/Frog Call Project/Calling Data/Frog Calls/FLSHE_2021/FLSHE_2021_398/TEST_0+1_20210318_224700.wav,55.406535073544106,237.5,2021,398
/Volumes/Expansion/Frog Call Project/Calling Data/Frog Calls/FLSHE_2021/FLSHE_2021_398/TEST_0+1_20210205_021300.wav,55.190741260591885,297.0,2021,398
/Volumes/Expansion/Frog Call Project/Calling Data/Frog Calls/FLSHE_2021/FLSHE_2021_398/TEST_0+1_20210131_220900.wav,55.07230910671785,31.5,2021,398
/Volumes/Expansion/Frog Call Project/Calling Data/Frog Calls/FLSHE_2021/FLSHE_2021_398/TEST_0+1_20210216_182400.wav,54.38466870807387,204.5,2021,398
/Volumes/Expansion/Frog Call Project/Calling Data/Frog Calls/FLSHE_2021/FLSHE_2021_398/TEST_0+1_20210306_233900.wav,54.06973831695407,125.5,2021,398
/Volumes/Expansion/Frog Call Project/Calling Data/Frog Calls/FLSHE_2021/FLSHE_2021_398/TEST_0+1_20210214_182200.wav,53.761213546662056,267.5,2021,398
/Volumes/Expansion/Frog Call Project/Calling Data/Frog Calls/FLSHE_2021/FLSHE_2021_398/TEST_0+1_20210225_183100.wav,53.66529951540913,88.0,2021,398
/Volumes/Expansion/Frog Call Project/Calling Data/Frog Calls/FLSHE_2021/FLSHE_2021_398/TEST_0+1_20210226_183200.wav,53.18330736168664,173.5,2021,398
/Volumes/Expansion/Frog Call Project/Calling Data/Frog Calls/FLSHE_2021/FLSHE_2021_398/TEST_0+1_20210217_022400.wav,52.70229349675474,277.5,2021,398
/Volumes/Expansion/Frog Call Project/Calling Data/Frog Calls/FLSHE_2021/FLSHE_2021_398/TEST_0+1_20210214_012100.wav,52.23243449742467,248.5,2021,398
/Volumes/Expansion/Frog Call Project/Calling Data/Frog Calls/FLSHE_2021/FLSHE_2021_398/TEST_0+1_20210302_203500.wav,52.002534047024,191.5,2021,398
/Volumes/Expansion/Frog Call Project/Calling Data/Frog Calls/FLSHE_2021/FLSHE_2021_398/TEST_0+1_20210303_003500.wav,51.89513130454549,122.0,2021,398
/Volumes/Expansion/Frog Call Project/Calling Data/Frog Calls/FLSHE_2021/FLSHE_2021_398/TEST_0+1_20210215_172300.wav,51.7951570155444,28.0,2021,398
/Volumes/Expansion/Frog Call Project/Calling Data/Frog Calls/FLSHE_2021/FLSHE_2021_398/TEST_0+1_20210128_000600.wav,50.73320450094935,272.0,2021,398
/Volumes/Expansion/Frog Call Project/Calling Data/Frog Calls/FLSHE_2021/FLSHE_2021_398/TEST_0+1_20210209_191800.wav,50.60618323080507,43.0,2021,398
/Volumes/Expansion/Frog Call Project/Calling Data/Frog Calls/FLSHE_2021/FLSHE_2021_398/TEST_0+1_20210129_190800.wav,50.186671121539526,132.0,2021,398
/Volumes/Expansion/Frog Call Project/Calling Data/Frog Calls/FLSHE_2021/FLSHE_2021_398/TEST_0+1_20210308_214000.wav,49.99589922464924,282.0,2021,398
/Volumes/Expansion/Frog Call Project/Calling Data/Frog Calls/FLSHE_2021/FLSHE_2021_398/TEST_0+1_20210212_232000.wav,49.80184161571045,53.0,2021,398
/Volumes/Expansion/Frog Call Project/Calling Data/Frog Calls/FLSHE_2021/FLSHE_2021_398/TEST_0+1_20210212_202000.wav,49.74750251693029,275.0,2021,398
/Volumes/Expansion/Frog Call Project/Calling Data/Frog Calls/FLSHE_2021/FLSHE_2021_398/TEST_0+1_20210222_202900.wav,49.732710985827154,92.0,2021,398
/Volumes/Expansion/Frog Call Project/Calling Data/Frog Calls/FLSHE_2021/FLSHE_2021_398/TEST_0+1_20210209_181800.wav,49.721257248398,12.5,2021,398
/Volumes/Expansion/Frog Call Project/Calling Data/Frog Calls/FLSHE_2021/FLSHE_2021_398/TEST_0+1_20210215_192300.wav,49.67965191471821,19.5,2021,398
/Volumes/Expansion/Frog Call Project/Calling Data/Frog Calls/FLSHE_2021/FLSHE_2021_398/TEST_0+1_20210204_011200.wav,49.48842883627452,266.5,2021,398
/Volumes/Expansion/Frog Call Project/Calling Data/Frog Calls/FLSHE_2021/FLSHE_2021_398/TEST_0+1_20210215_012200.wav,49.319993577489285,122.0,2021,398
/Volumes/Expansion/Frog Call Project/Calling Data/Frog Calls/FLSHE_2021/FLSHE_2021_398/TEST_0+1_20210317_194700.wav,49.2529297965443,55.5,2021,398
/Volumes/Expansion/Frog Call Project/Calling Data/Frog Calls/FLSHE_2021/FLSHE_2021_398/TEST_0+1_20210223_012900.wav,48.95776787919253,216.0,2021,398
/Volumes/Expansion/Frog Call Project/Calling Data/Frog Calls/FLSHE_2021/FLSHE_2021_398/TEST_0+1_20210211_011900.wav,48.68243037843597,183.0,2021,398
/Volumes/Expansion/Frog Call Project/Calling Data/Frog Calls/FLSHE_2021/FLSHE_2021_398/TEST_0+1_20210129_020700.wav,48.53106996025362,145.0,2021,398
/Volumes/Expansion/Frog Call Project/Calling Data/Frog Calls/FLSHE_2021/FLSHE_2021_398/TEST_0+1_20210205_191400.wav,48.50966643137796,121.0,2021,398
/Volumes/Expansion/Frog Call Project/Calling Data/Frog Calls/FLSHE_2021/FLSHE_2021_398/TEST_0+1_20210305_203800.wav,48.08001166281094,292.5,2021,398
/Volumes/Expansion/Frog Call Project/Calling Data/Frog Calls/FLSHE_2021/FLSHE_2021_398/TEST_0+1_20210302_213500.wav,48.02078076458002,296.5,2021,398
/Volumes/Expansion/Frog Call Project/Calling Data/Frog Calls/FLSHE_2021/FLSHE_2021_398/TEST_0+1_20210211_202000.wav,47.97423801617251,123.5,2021,398
/Volumes/Expansion/Frog Call Project/Calling Data/Frog Calls/FLSHE_2021/FLSHE_2021_398/TEST_0+1_20210311_174200.wav,47.942112398692,23.5,2021,398
/Volumes/Expansion/Frog Call Project/Calling Data/Frog Calls/FLSHE_2021/FLSHE_2021_398/TEST_0+1_20210312_194300.wav,47.61862217772501,192.5,2021,398
/Volumes/Expansion/Frog Call Project/Calling Data/Frog Calls/FLSHE_2021/FLSHE_2021_398/TEST_0+1_20210302_183500.wav,47.61171788609388,163.0,2021,398
/Volumes/Expansion/Frog Call Project/Calling Data/Frog Calls/FLSHE_2021/FLSHE_2021_398/TEST_0+1_20210317_224700.wav,47.58005255163937,40.5,2021,398
/Volumes/Expansion/Frog Call Project/Calling Data/Frog Calls/FLSHE_2021/FLSHE_2021_398/TEST_0+1_20210302_223500.wav,47.57655383454277,237.5,2021,398
/Volumes/Expansion/Frog Call Project/Calling Data/Frog Calls/FLSHE_2021/FLSHE_2021_398/TEST_0+1_20210302_023500.wav,47.52862133400483,9.5,2021,398
/Volumes/Expansion/Frog Call Project/Calling Data/Frog Calls/FLSHE_2021/FLSHE_2021_398/TEST_0+1_20210310_004100.wav,47.412620727805496,51.0,2021,398
/Volumes/Expansion/Frog Call Project/Calling Data/Frog Calls/FLSHE_2021/FLSHE_2021_398/TEST_0+1_20210129_180800.wav,47.3676576601935,260.0,2021,398
/Volumes/Expansion/Frog Call Project/Calling Data/Frog Calls/FLSHE_2021/FLSHE_2021_398/TEST_0+1_20210131_210900.wav,47.35005720511569,95.0,2021,398
/Volumes/Expansion/Frog Call Project/Calling Data/Frog Calls/FLSHE_2021/FLSHE_2021_398/TEST_0+1_20210318_234700.wav,47.10300602960999,237.0,2021,398
/Volumes/Expansion/Frog Call Project/Calling Data/Frog Calls/FLSHE_2021/FLSHE_2021_398/TEST_0+1_20210214_002100.wav,46.99335584005963,135.0,2021,398
/Volumes/Expansion/Frog Call Project/Calling Data/Frog Calls/FLSHE_2021/FLSHE_2021_398/TEST_0+1_20210312_214300.wav,46.93894085299346,64.5,2021,398
/Volumes/Expansion/Frog Call Project/Calling Data/Frog Calls/FLSHE_2021/FLSHE_2021_398/TEST_0+1_20210305_003700.wav,46.91630664475596,284.0,2021,398
/Volumes/Expansion/Frog Call Project/Calling Data/Frog Calls/FLSHE_2021/FLSHE_2021_398/TEST_0+1_20210213_012000.wav,46.87977180191226,41.0,2021,398
/Volumes/Expansion/Frog Call Project/Calling Data/Frog Calls/FLSHE_2021/FLSHE_2021_398/TEST_0+1_20210204_201300.wav,46.8304105236871,49.0,2021,398
/Volumes/Expansion/Frog Call Project/Calling Data/Frog Calls/FLSHE_2021/FLSHE_2021_398/TEST_0+1_20210316_024500.wav,46.78231237886142,82.5,2021,398
/Volumes/Expansion/Frog Call Project/Calling Data/Frog Calls/FLSHE_2021/FLSHE_2021_398/TEST_0+1_20210306_203900.wav,46.69468655092842,90.0,2021,398
/Volumes/Expansion/Frog Call Project/Calling Data/Frog Calls/FLSHE_2021/FLSHE_2021_398/TEST_0+1_20210310_214200.wav,46.6578347837529,227.0,2021,398
/Volumes/Expansion/Frog Call Project/Calling Data/Frog Calls/FLSHE_2021/FLSHE_2021_398/TEST_0+1_20210124_180300.wav,46.655883097697696,63.5,2021,398
/Volumes/Expansion/Frog Call Project/Calling Data/Frog Calls/FLSHE_2021/FLSHE_2021_398/TEST_0+1_20210315_014400.wav,46.47372224446317,19.0,2021,398
/Volumes/Expansion/Frog Call Project/Calling Data/Frog Calls/FLSHE_2021/FLSHE_2021_398/TEST_0+1_20210213_232100.wav,46.09290312459311,267.0,2021,398
/Volumes/Expansion/Frog Call Project/Calling Data/Frog Calls/FLSHE_2021/FLSHE_2021_398/TEST_0+1_20210215_212300.wav,45.775368247198536,189.0,2021,398
/Volumes/Expansion/Frog Call Project/Calling Data/Frog Calls/FLSHE_2021/FLSHE_2021_398/TEST_0+1_20210212_022000.wav,45.76625296876893,215.0,2021,398
/Volumes/Expansion/Frog Call Project/Calling Data/Frog Calls/FLSHE_2021/FLSHE_2021_398/TEST_0+1_20210206_021400.wav,45.74711478826129,74.0,2021,398
/Volumes/Expansion/Frog Call Project/Calling Data/Frog Calls/FLSHE_2021/FLSHE_2021_398/TEST_0+1_20210303_213600.wav,45.67472525914858,55.5,2021,398
/Volumes/Expansion/Frog Call Project/Calling Data/Frog Calls/FLSHE_2021/FLSHE_2021_398/TEST_0+1_20210207_231600.wav,45.576094741742885,101.5,2021,398
/Volumes/Expansion/Frog Call Project/Calling Data/Frog Calls/FLSHE_2021/FLSHE_2021_398/TEST_0+1_20210305_193800.wav,45.57556197172978,77.0,2021,398
/Volumes/Expansion/Frog Call Project/Calling Data/Frog Calls/FLSHE_2021/FLSHE_2021_398/TEST_0+1_20210314_014400.wav,45.55027601867592,109.0,2021,398
/Volumes/Expansion/Frog Call Project/Calling Data/Frog Calls/FLSHE_2021/FLSHE_2021_398/TEST_0+1_20210318_194700.wav,45.47274980642296,265.0,2021,398
/Volumes/Expansion/Frog Call Project/Calling Data/Frog Calls/FLSHE_2021/FLSHE_2021_398/TEST_0+1_20210206_011400.wav,45.379366578507,246.5,2021,398
/Volumes/Expansion/Frog Call Project/Calling Data/Frog Calls/FLSHE_2021/FLSHE_2021_398/TEST_0+1_20210205_231400.wav,45.33387268219752,288.0,2021,398
/Volumes/Expansion/Frog Call Project/Calling Data/Frog Calls/FLSHE_2021/FLSHE_2021_398/TEST_0+1_20210319_234800.wav,45.318022321757255,91.5,2021,398
/Volumes/Expansion/Frog Call Project/Calling Data/Frog Calls/FLSHE_2021/FLSHE_2021_398/TEST_0+1_20210207_201600.wav,45.26636425167976,10.0,2021,398
/Volumes/Expansion/Frog Call Project/Calling Data/Frog Calls/FLSHE_2021/FLSHE_2021_398/TEST_0+1_20210304_203700.wav,45.250730781554765,243.0,2021,398
/Volumes/Expansion/Frog Call Project/Calling Data/Frog Calls/FLSHE_2021/FLSHE_2021_398/TEST_0+1_20210220_022600.wav,45.2236117868244,225.5,2021,398
/Volumes/Expansion/Frog Call Project/Calling Data/Frog Calls/FLSHE_2021/FLSHE_2021_398/TEST_0+1_20210223_233000.wav,45.18311597531963,195.0,2021,398
/Volumes/Expansion/Frog Call Project/Calling Data/Frog Calls/FLSHE_2021/FLSHE_2021_398/TEST_0+1_20210207_191600.wav,45.174850725976135,36.5,2021,398
/Volumes/Expansion/Frog Call Project/Calling Data/Frog Calls/FLSHE_2021/FLSHE_2021_398/TEST_0+1_20210214_172200.wav,45.12839230185512,251.5,2021,398
/Volumes/Expansion/Frog Call Project/Calling Data/Frog Calls/FLSHE_2021/FLSHE_2021_398/TEST_0+1_20210214_232200.wav,45.112236723498086,103.5,2021,398
/Volumes/Expansion/Frog Call Project/Calling Data/Frog Calls/FLSHE_2021/FLSHE_2021_398/TEST_0+1_20210308_174000.wav,45.08219913844024,146.5,2021,398
/Volumes/Expansion/Frog Call Project/Calling Data/Frog Calls/FLSHE_2021/FLSHE_2021_398/TEST_0+1_20210311_214200.wav,45.08042688977799,75.0,2021,398
/Volumes/Expansion/Frog Call Project/Calling Data/Frog Calls/FLSHE_2021/FLSHE_2021_398/TEST_0+1_20210228_183400.wav,45.05525712823568,220.0,2021,398
/Volumes/Expansion/Frog Call Project/Calling Data/Frog Calls/FLSHE_2021/FLSHE_2021_398/TEST_0+1_20210318_014700.wav,45.04728169033549,282.0,2021,398
/Volumes/Expansion/Frog Call Project/Calling Data/Frog Calls/FLSHE_2021/FLSHE_2021_398/TEST_0+1_20210208_181700.wav,45.00321978703123,41.0,2021,398
/Volumes/Expansion/Frog Call Project/Calling Data/Frog Calls/FLSHE_2021/FLSHE_2021_398/TEST_0+1_20210206_231500.wav,44.94984582393296,225.5,2021,398
/Volumes/Expansion/Frog Call Project/Calling Data/Frog Calls/FLSHE_2021/FLSHE_2021_398/TEST_0+1_20210225_023100.wav,44.88080107680594,116.0,2021,398
/Volumes/Expansion/Frog Call Project/Calling Data/Frog Calls/FLSHE_2021/FLSHE_2021_398/TEST_0+1_20210306_223900.wav,44.71569470604777,256.0,2021,398
/Volumes/Expansion/Frog Call Project/Calling Data/Frog Calls/FLSHE_2021/FLSHE_2021_398/TEST_0+1_20210130_230800.wav,44.70662752751496,125.0,2021,398
/Volumes/Expansion/Frog Call Project/Calling Data/Frog Calls/FLSHE_2021/FLSHE_2021_398/TEST_0+1_20210205_211400.wav,44.65815722690883,178.5,2021,398
/Volumes/Expansion/Frog Call Project/Calling Data/Frog Calls/FLSHE_2021/FLSHE_2021_398/TEST_0+1_20210222_172900.wav,44.65611523979575,119.5,2021,398
/Volumes/Expansion/Frog Call Project/Calling Data/Frog Calls/FLSHE_2021/FLSHE_2021_398/TEST_0+1_20210319_204800.wav,44.64864619021843,105.0,2021,398
/Volumes/Expansion/Frog Call Project/Calling Data/Frog Calls/FLSHE_2021/FLSHE_2021_398/TEST_0+1_20210127_180600.wav,44.618099909201504,204.5,2021,398
/Volumes/Expansion/Frog Call Project/Calling Data/Frog Calls/FLSHE_2021/FLSHE_2021_398/TEST_0+1_20210316_204600.wav,44.58377942832748,79.0,2021,398
/Volumes/Expansion/Frog Call Project/Calling Data/Frog Calls/FLSHE_2021/FLSHE_2021_398/TEST_0+1_20210304_013600.wav,44.5295830462078,44.0,2021,398
/Volumes/Expansion/Frog Call Project/Calling Data/Frog Calls/FLSHE_2021/FLSHE_2021_398/TEST_0+1_20210210_191900.wav,44.522227792342704,124.5,2021,398
/Volumes/Expansion/Frog Call Project/Calling Data/Frog Calls/FLSHE_2021/FLSHE_2021_398/TEST_0+1_20210313_024300.wav,44.52061481546981,8.0,2021,398
/Volumes/Expansion/Frog Call Project/Calling Data/Frog Calls/FLSHE_2021/FLSHE_2021_398/TEST_0+1_20210127_210600.wav,44.48368956125938,49.5,2021,398
/Volumes/Expansion/Frog Call Project/Calling Data/Frog Calls/FLSHE_2021/FLSHE_2021_398/TEST_0+1_20210126_180500.wav,44.45899060403935,134.0,2021,398
/Volumes/Expansion/Frog Call Project/Calling Data/Frog Calls/FLSHE_2021/FLSHE_2021_398/TEST_0+1_20210301_233500.wav,44.4361924450586,49.0,2021,398
/Volumes/Expansion/Frog Call Project/Calling Data/Frog Calls/FLSHE_2021/FLSHE_2021_398/TEST_0+1_20210125_020300.wav,44.41239304856602,164.5,2021,398
/Volumes/Expansion/Frog Call Project/Calling Data/Frog Calls/FLSHE_2021/FLSHE_2021_398/TEST_0+1_20210218_222600.wav,44.34804686256231,159.0,2021,398
/Volumes/Expansion/Frog Call Project/Calling Data/Frog Calls/FLSHE_2021/FLSHE_2021_398/TEST_0+1_20210305_173800.wav,44.32209788542079,272.0,2021,398
/Volumes/Expansion/Frog Call Project/Calling Data/Frog Calls/FLSHE_2021/FLSHE_2021_398/TEST_0+1_20210201_020900.wav,44.31467959211794,38.0,2021,398
/Volumes/Expansion/Frog Call Project/Calling Data/Frog Calls/FLSHE_2021/FLSHE_2021_398/TEST_0+1_20210315_024400.wav,44.25158462638896,204.5,2021,398
/Volumes/Expansion/Frog Call Project/Calling Data/Frog Calls/FLSHE_2021/FLSHE_2021_398/TEST_0+1_20210201_221000.wav,44.19812306106217,244.5,2021,398
/Volumes/Expansion/Frog Call Project/Calling Data/Frog Calls/FLSHE_2021/FLSHE_2021_398/TEST_0+1_20210218_022500.wav,44.084794139035566,259.0,2021,398
/Volumes/Expansion/Frog Call Project/Calling Data/Frog Calls/FLSHE_2021/FLSHE_2021_398/TEST_0+1_20210316_014500.wav,44.07426249973299,37.0,2021,398
/Volumes/Expansion/Frog Call Project/Calling Data/Frog Calls/FLSHE_2021/FLSHE_2021_398/TEST_0+1_20210207_001500.wav,43.97482459953459,38.5,2021,398
/Volumes/Expansion/Frog Call Project/Calling Data/Frog Calls/FLSHE_2021/FLSHE_2021_398/TEST_0+1_20210221_222800.wav,43.92819257586955,229.5,2021,398
/Volumes/Expansion/Frog Call Project/Calling Data/Frog Calls/FLSHE_2021/FLSHE_2021_398/TEST_0+1_20210212_192000.wav,43.92614188475201,280.5,2021,398
/Volumes/Expansion/Frog Call Project/Calling Data/Frog Calls/FLSHE_2021/FLSHE_2021_398/TEST_0+1_20210219_022600.wav,43.91851659022729,181.0,2021,398
/Volumes/Expansion/Frog Call Project/Calling Data/Frog Calls/FLSHE_2021/FLSHE_2021_398/TEST_0+1_20210204_171300.wav,43.85257478399107,48.0,2021,398
/Volumes/Expansion/Frog Call Project/Calling Data/Frog Calls/FLSHE_2021/FLSHE_2021_398/TEST_0+1_20210218_232600.wav,43.83789892331008,78.5,2021,398
/Volumes/Expansion/Frog Call Project/Calling Data/Frog Calls/FLSHE_2021/FLSHE_2021_398/TEST_0+1_20210207_181600.wav,43.82228222155217,182.5,2021,398
/Volumes/Expansion/Frog Call Project/Calling Data/Frog Calls/FLSHE_2021/FLSHE_2021_398/TEST_0+1_20210203_181200.wav,43.70327442790332,45.0,2021,398
/Volumes/Expansion/Frog Call Project/Calling Data/Frog Calls/FLSHE_2021/FLSHE_2021_398/TEST_0+1_20210319_224800.wav,43.69273330773727,104.0,2021,398
/Volumes/Expansion/Frog Call Project/Calling Data/Frog Calls/FLSHE_2021/FLSHE_2021_398/TEST_0+1_20210317_004600.wav,43.681405753663256,161.5,2021,398
/Volumes/Expansion/Frog Call Project/Calling Data/Frog Calls/FLSHE_2021/FLSHE_2021_398/TEST_0+1_20210304_003600.wav,43.66764307496836,220.5,2021,398
/Volumes/Expansion/Frog Call Project/Calling Data/Frog Calls/FLSHE_2021/FLSHE_2021_398/TEST_0+1_20210311_184200.wav,43.50261850406812,249.5,2021,398
/Volumes/Expansion/Frog Call Project/Calling Data/Frog Calls/FLSHE_2021/FLSHE_2021_398/TEST_0+1_20210309_194100.wav,43.475828706149095,18.5,2021,398
/Volumes/Expansion/Frog Call Project/Calling Data/Frog Calls/FLSHE_2021/FLSHE_2021_398/TEST_0+1_20210128_200700.wav,43.44190168674088,115.0,2021,398
/Volumes/Expansion/Frog Call Project/Calling Data/Frog Calls/FLSHE_2021/FLSHE_2021_398/TEST_0+1_20210318_024700.wav,43.33260781887517,62.5,2021,398
/Volumes/Expansion/Frog Call Project/Calling Data/Frog Calls/FLSHE_2021/FLSHE_2021_398/TEST_0+1_20210227_173300.wav,43.2969471041581,192.5,2021,398
/Volumes/Expansion/Frog Call Project/Calling Data/Frog Calls/FLSHE_2021/FLSHE_2021_398/TEST_0+1_20210220_232700.wav,43.19542826940065,272.0,2021,398
/Volumes/Expansion/Frog Call Project/Calling Data/Frog Calls/FLSHE_2021/FLSHE_2021_398/TEST_0+1_20210307_193900.wav,43.13757547817013,162.0,2021,398
/Volumes/Expansion/Frog Call Project/Calling Data/Frog Calls/FLSHE_2021/FLSHE_2021_398/TEST_0+1_20210311_024200.wav,43.115974298174606,63.0,2021,398
/Volumes/Expansion/Frog Call Project/Calling Data/Frog Calls/FLSHE_2021/FLSHE_2021_398/TEST_0+1_20210222_222900.wav,43.10793375909028,153.0,2021,398
/Volumes/Expansion/Frog Call Project/Calling Data/Frog Calls/FLSHE_2021/FLSHE_2021_398/TEST_0+1_20210208_021600.wav,43.04629793216509,183.0,2021,398
/Volumes/Expansion/Frog Call Project/Calling Data/Frog Calls/FLSHE_2021/FLSHE_2021_398/TEST_0+1_20210320_014800.wav,43.01049466902285,294.5,2021,398
/Volumes/Expansion/Frog Call Project/Calling Data/Frog Calls/FLSHE_2021/FLSHE_2021_398/TEST_0+1_20210220_172700.wav,42.99723533413373,86.0,2021,398
/Volumes/Expansion/Frog Call Project/Calling Data/Frog Calls/FLSHE_2021/FLSHE_2021_398/TEST_0+1_20210124_220300.wav,42.9160307115752,230.5,2021,398
/Volumes/Expansion/Frog Call Project/Calling Data/Frog Calls/FLSHE_2021/FLSHE_2021_398/TEST_0+1_20210216_202400.wav,42.9146198346398,237.5,2021,398
/Volumes/Expansion/Frog Call Project/Calling Data/Frog Calls/FLSHE_2021/FLSHE_2021_398/TEST_0+1_20210317_014600.wav,42.9078155987533,131.0,2021,398
/Volumes/Expansion/Frog Call Project/Calling Data/Frog Calls/FLSHE_2021/FLSHE_2021_398/TEST_0+1_20210313_014300.wav,42.89566578566305,203.0,2021,398
/Volumes/Expansion/Frog Call Project/Calling Data/Frog Calls/FLSHE_2021/FLSHE_2021_398/TEST_0+1_20210312_004200.wav,42.89116145546273,229.5,2021,398
/Volumes/Expansion/Frog Call Project/Calling Data/Frog Calls/FLSHE_2021/FLSHE_2021_398/TEST_0+1_20210302_233500.wav,42.82294885596433,130.0,2021,398
/Volumes/Expansion/Frog Call Project/Calling Data/Frog Calls/FLSHE_2021/FLSHE_2021_398/TEST_0+1_20210222_002800.wav,42.80200485556048,228.5,2021,398
/Volumes/Expansion/Frog Call Project/Calling Data/Frog Calls/FLSHE_2021/FLSHE_2021_398/TEST_0+1_20210214_212200.wav,42.63213084178668,13.5,2021,398
/Volumes/Expansion/Frog Call Project/Calling Data/Frog Calls/FLSHE_2021/FLSHE_2021_398/TEST_0+1_20210224_223100.wav,42.63174810191662,136.5,2021,398
/Volumes/Expansion/Frog Call Project/Calling Data/Frog Calls/FLSHE_2021/FLSHE_2021_398/TEST_0+1_20210311_004200.wav,42.63168311175835,225.5,2021,398
/Volumes/Expansion/Frog Call Project/Calling Data/Frog Calls/FLSHE_2021/FLSHE_2021_398/TEST_0+1_20210212_212000.wav,42.47732586675957,46.5,2021,398
/Volumes/Expansion/Frog Call Project/Calling Data/Frog Calls/FLSHE_2021/FLSHE_2021_398/TEST_0+1_20210311_194200.wav,42.42244599092379,68.0,2021,398
/Volumes/Expansion/Frog Call Project/Calling Data/Frog Calls/FLSHE_2021/FLSHE_2021_398/TEST_0+1_20210226_013100.wav,42.42147546276623,17.5,2021,398
/Volumes/Expansion/Frog Call Project/Calling Data/Frog Calls/FLSHE_2021/FLSHE_2021_398/TEST_0+1_20210318_004700.wav,42.41104940319168,95.5,2021,398
/Volumes/Expansion/Frog Call Project/Calling Data/Frog Calls/FLSHE_2021/FLSHE_2021_398/TEST_0+1_20210209_211800.wav,42.40187257697008,18.0,2021,398
/Volumes/Expansion/Frog Call Project/Calling Data/Frog Calls/FLSHE_2021/FLSHE_2021_398/TEST_0+1_20210215_022200.wav,42.37407164400563,269.5,2021,398
/Volumes/Expansion/Frog Call Project/Calling Data/Frog Calls/FLSHE_2021/FLSHE_2021_398/TEST_0+1_20210201_171000.wav,42.36035982306971,153.0,2021,398
/Volumes/Expansion/Frog Call Project/Calling Data/Frog Calls/FLSHE_2021/FLSHE_2021_398/TEST_0+1_20210218_012500.wav,42.31804657307061,136.5,2021,398
/Volumes/Expansion/Frog Call Project/Calling Data/Frog Calls/FLSHE_2021/FLSHE_2021_398/TEST_0+1_20210220_012600.wav,42.2296493538284,60.0,2021,398
/Volumes/Expansion/Frog Call Project/Calling Data/Frog Calls/FLSHE_2021/FLSHE_2021_398/TEST_0+1_20210221_202800.wav,42.20451125286692,223.5,2021,398
/Volumes/Expansion/Frog Call Project/Calling Data/Frog Calls/FLSHE_2021/FLSHE_2021_398/TEST_0+1_20210304_023600.wav,42.18648786630604,169.0,2021,398
/Volumes/Expansion/Frog Call Project/Calling Data/Frog Calls/FLSHE_2021/FLSHE_2021_398/TEST_0+1_20210220_002600.wav,42.15664745075562,141.0,2021,398
/Volumes/Expansion/Frog Call Project/Calling Data/Frog Calls/FLSHE_2021/FLSHE_2021_398/TEST_0+1_20210206_211500.wav,42.154350994888745,79.5,2021,398
/Volumes/Expansion/Frog Call Project/Calling Data/Frog Calls/FLSHE_2021/FLSHE_2021_398/TEST_0+1_20210310_174200.wav,42.12827142412058,48.0,2021,398
/Volumes/Expansion/Frog Call Project/Calling Data/Frog Calls/FLSHE_2021/FLSHE_2021_398/TEST_0+1_20210202_171100.wav,42.11142259620322,229.5,2021,398
/Volumes/Expansion/Frog Call Project/Calling Data/Frog Calls/FLSHE_2021/FLSHE_2021_398/TEST_0+1_20210307_013900.wav,42.07766712328488,120.0,2021,398
/Volumes/Expansion/Frog Call Project/Calling Data/Frog Calls/FLSHE_2021/FLSHE_2021_398/TEST_0+1_20210227_023200.wav,42.02987271211062,244.0,2021,398
/Volumes/Expansion/Frog Call Project/Calling Data/Frog Calls/FLSHE_2021/FLSHE_2021_398/TEST_0+1_20210314_234400.wav,41.90836986913623,203.5,2021,398
/Volumes/Expansion/Frog Call Project/Calling Data/Frog Calls/FLSHE_2021/FLSHE_2021_398/TEST_0+1_20210217_012400.wav,41.8692160400423,185.5,2021,398
/Volumes/Expansion/Frog Call Project/Calling Data/Frog Calls/FLSHE_2021/FLSHE_2021_398/TEST_0+1_20210309_214100.wav,41.79900292539811,132.5,2021,398
/Volumes/Expansion/Frog Call Project/Calling Data/Frog Calls/FLSHE_2021/FLSHE_2021_398/TEST_0+1_20210311_204200.wav,41.732841264885366,7.0,2021,398
/Volumes/Expansion/Frog Call Project/Calling Data/Frog Calls/FLSHE_2021/FLSHE_2021_398/TEST_0+1_20210312_174300.wav,41.68575006720661,13.5,2021,398
/Volumes/Expansion/Frog Call Project/Calling Data/Frog Calls/FLSHE_2021/FLSHE_2021_398/TEST_0+1_20210310_234200.wav,41.66532591393647,169.0,2021,398
/Volumes/Expansion/Frog Call Project/Calling Data/Frog Calls/FLSHE_2021/FLSHE_2021_398/TEST_0+1_20210320_195008.wav,41.64119451506224,113.5,2021,398
/Volumes/Expansion/Frog Call Project/Calling Data/Frog Calls/FLSHE_2021/FLSHE_2021_398/TEST_0+1_20210213_182100.wav,41.61049165797268,64.0,2021,398
/Volumes/Expansion/Frog Call Project/Calling Data/Frog Calls/FLSHE_2021/FLSHE_2021_398/TEST_0+1_20210203_221200.wav,41.571638279815886,227.5,2021,398
/Volumes/Expansion/Frog Call Project/Calling Data/Frog Calls/FLSHE_2021/FLSHE_2021_398/TEST_0+1_20210210_231900.wav,41.568488141964735,55.5,2021,398
/Volumes/Expansion/Frog Call Project/Calling Data/Frog Calls/FLSHE_2021/FLSHE_2021_398/TEST_0+1_20210318_174700.wav,41.53262361866811,209.0,2021,398
/Volumes/Expansion/Frog Call Project/Calling Data/Frog Calls/FLSHE_2021/FLSHE_2021_398/TEST_0+1_20210205_171400.wav,41.51270665235883,93.0,2021,398
/Volumes/Expansion/Frog Call Project/Calling Data/Frog Calls/FLSHE_2021/FLSHE_2021_398/TEST_0+1_20210125_180400.wav,41.39476653051823,261.5,2021,398
/Volumes/Expansion/Frog Call Project/Calling Data/Frog Calls/FLSHE_2021/FLSHE_2021_398/TEST_0+1_20210226_003100.wav,41.37647337656311,105.0,2021,398
/Volumes/Expansion/Frog Call Project/Calling Data/Frog Calls/FLSHE_2021/FLSHE_2021_398/TEST_0+1_20210317_204700.wav,41.304924772623096,102.0,2021,398
/Volumes/Expansion/Frog Call Project/Calling Data/Frog Calls/FLSHE_2021/FLSHE_2021_398/TEST_0+1_20210208_011600.wav,41.29014220809791,296.0,2021,398
/Volumes/Expansion/Frog Call Project/Calling Data/Frog Calls/FLSHE_2021/FLSHE_2021_398/TEST_0+1_20210220_202700.wav,41.27150064495944,219.0,2021,398
/Volumes/Expansion/Frog Call Project/Calling Data/Frog Calls/FLSHE_2021/FLSHE_2021_398/TEST_0+1_20210215_232300.wav,41.15208468220758,76.5,2021,398
/Volumes/Expansion/Frog Call Project/Calling Data/Frog Calls/FLSHE_2021/FLSHE_2021_398/TEST_0+1_20210301_223500.wav,41.123363593542585,199.5,2021,398
/Volumes/Expansion/Frog Call Project/Calling Data/Frog Calls/FLSHE_2021/FLSHE_2021_398/TEST_0+1_20210314_004400.wav,41.12061136066712,201.5,2021,398
/Volumes/Expansion/Frog Call Project/Calling Data/Frog Calls/FLSHE_2021/FLSHE_2021_398/TEST_0+1_20210223_183000.wav,41.09934785759839,215.5,2021,398
/Volumes/Expansion/Frog Call Project/Calling Data/Frog Calls/FLSHE_2021/FLSHE_2021_398/TEST_0+1_20210309_024000.wav,41.09528716340113,126.5,2021,398
/Volumes/Expansion/Frog Call Project/Calling Data/Frog Calls/FLSHE_2021/FLSHE_2021_398/TEST_0+1_20210227_213300.wav,41.09251804508425,228.5,2021,398
/Volumes/Expansion/Frog Call Project/Calling Data/Frog Calls/FLSHE_2021/FLSHE_2021_398/TEST_0+1_20210129_000700.wav,41.06975956689622,276.0,2021,398
/Volumes/Expansion/Frog Call Project/Calling Data/Frog Calls/FLSHE_2021/FLSHE_2021_398/TEST_0+1_20210219_012600.wav,41.02809044909189,282.5,2021,398
/Volumes/Expansion/Frog Call Project/Calling Data/Frog Calls/FLSHE_2021/FLSHE_2021_398/TEST_0+1_20210128_020600.wav,41.00359966592169,20.0,2021,398
/Volumes/Expansion/Frog Call Project/Calling Data/Frog Calls/FLSHE_2021/FLSHE_2021_398/TEST_0+1_20210228_233400.wav,40.989546598966655,44.5,2021,398
/Volumes/Expansion/Frog Call Project/Calling Data/Frog Calls/FLSHE_2021/FLSHE_2021_398/TEST_0+1_20210131_190900.wav,40.90016043087312,118.0,2021,398
/Volumes/Expansion/Frog Call Project/Calling Data/Frog Calls/FLSHE_2021/FLSHE_2021_398/TEST_0+1_20210214_222200.wav,40.89404779235215,261.0,2021,398
/Volumes/Expansion/Frog Call Project/Calling Data/Frog Calls/FLSHE_2021/FLSHE_2021_398/TEST_0+1_20210125_010300.wav,40.89101569981685,125.0,2021,398
/Volumes/Expansion/Frog Call Project/Calling Data/Frog Calls/FLSHE_2021/FLSHE_2021_398/TEST_0+1_20210224_013000.wav,40.81243612480053,4.5,2021,398
/Volumes/Expansion/Frog Call Project/Calling Data/Frog Calls/FLSHE_2021/FLSHE_2021_398/TEST_0+1_20210212_182000.wav,40.77729464239626,22.5,2021,398
/Volumes/Expansion/Frog Call Project/Calling Data/Frog Calls/FLSHE_2021/FLSHE_2021_398/TEST_0+1_20210217_212500.wav,40.674974589371146,176.0,2021,398
/Volumes/Expansion/Frog Call Project/Calling Data/Frog Calls/FLSHE_2021/FLSHE_2021_398/TEST_0+1_20210216_002300.wav,40.66196795765513,271.0,2021,398
/Volumes/Expansion/Frog Call Project/Calling Data/Frog Calls/FLSHE_2021/FLSHE_2021_398/TEST_0+1_20210215_222300.wav,40.64893965198631,117.5,2021,398
/Volumes/Expansion/Frog Call Project/Calling Data/Frog Calls/FLSHE_2021/FLSHE_2021_398/TEST_0+1_20210216_192400.wav,40.64852678607792,263.0,2021,398
/Volumes/Expansion/Frog Call Project/Calling Data/Frog Calls/FLSHE_2021/FLSHE_2021_398/TEST_0+1_20210222_012800.wav,40.635590362117945,84.5,2021,398
/Volumes/Expansion/Frog Call Project/Calling Data/Frog Calls/FLSHE_2021/FLSHE_2021_398/TEST_0+1_20210124_170300.wav,40.614219560699446,81.5,2021,398
/Volumes/Expansion/Frog Call Project/Calling Data/Frog Calls/FLSHE_2021/FLSHE_2021_398/TEST_0+1_20210201_201000.wav,40.57798823141456,230.5,2021,398
/Volumes/Expansion/Frog Call Project/Calling Data/Frog Calls/FLSHE_2021/FLSHE_2021_398/TEST_0+1_20210208_171700.wav,40.48574389903039,254.0,2021,398
/Volumes/Expansion/Frog Call Project/Calling Data/Frog Calls/FLSHE_2021/FLSHE_2021_398/TEST_0+1_20210211_192000.wav,40.44152740927755,167.0,2021,398
/Volumes/Expansion/Frog Call Project/Calling Data/Frog Calls/FLSHE_2021/FLSHE_2021_398/TEST_0+1_20210226_023100.wav,40.33856835868917,199.0,2021,398
/Volumes/Expansion/Frog Call Project/Calling Data/Frog Calls/FLSHE_2021/FLSHE_2021_398/TEST_0+1_20210212_222000.wav,40.22118501376419,104.5,2021,398
/Volumes/Expansion/Frog Call Project/Calling Data/Frog Calls/FLSHE_2021/FLSHE_2021_398/TEST_0+1_20210225_203100.wav,40.15419124256707,276.5,2021,398
/Volumes/Expansion/Frog Call Project/Calling Data/Frog Calls/FLSHE_2021/FLSHE_2021_398/TEST_0+1_20210313_194400.wav,40.12930575238652,32.0,2021,398
/Volumes/Expansion/Frog Call Project/Calling Data/Frog Calls/FLSHE_2021/FLSHE_2021_398/TEST_0+1_20210217_232500.wav,40.04540021290798,91.5,2021,398
/Volumes/Expansion/Frog Call Project/Calling Data/Frog Calls/FLSHE_2021/FLSHE_2021_398/TEST_0+1_20210128_010600.wav,40.00781145658604,71.5,2021,398
/Volumes/Expansion/Frog Call Project/Calling Data/Frog Calls/FLSHE_2021/FLSHE_2021_398/TEST_0+1_20210228_203400.wav,39.95624601100586,100.5,2021,398
/Volumes/Expansion/Frog Call Project/Calling Data/Frog Calls/FLSHE_2021/FLSHE_2021_398/TEST_0+1_20210126_210500.wav,39.93141364819999,22.0,2021,398
/Volumes/Expansion/Frog Call Project/Calling Data/Frog Calls/FLSHE_2021/FLSHE_2021_398/TEST_0+1_20210202_181100.wav,39.91485920576448,179.5,2021,398
/Volumes/Expansion/Frog Call Project/Calling Data/Frog Calls/FLSHE_2021/FLSHE_2021_398/TEST_0+1_20210128_220700.wav,39.88122506490977,0.0,2021,398
/Volumes/Expansion/Frog Call Project/Calling Data/Frog Calls/FLSHE_2021/FLSHE_2021_398/TEST_0+1_20210302_193500.wav,39.824561730003374,253.5,2021,398
/Volumes/Expansion/Frog Call Project/Calling Data/Frog Calls/FLSHE_2021/FLSHE_2021_398/TEST_0+1_20210316_234600.wav,39.80691069409775,281.0,2021,398
/Volumes/Expansion/Frog Call Project/Calling Data/Frog Calls/FLSHE_2021/FLSHE_2021_398/TEST_0+1_20210308_013900.wav,39.79715151000868,294.0,2021,398
/Volumes/Expansion/Frog Call Project/Calling Data/Frog Calls/FLSHE_2021/FLSHE_2021_398/TEST_0+1_20210209_021700.wav,39.79238847878181,49.0,2021,398
/Volumes/Expansion/Frog Call Project/Calling Data/Frog Calls/FLSHE_2021/FLSHE_2021_398/TEST_0+1_20210204_231300.wav,39.78563786140269,100.5,2021,398
/Volumes/Expansion/Frog Call Project/Calling Data/Frog Calls/FLSHE_2021/FLSHE_2021_398/TEST_0+1_20210316_214600.wav,39.77613194821465,188.5,2021,398
/Volumes/Expansion/Frog Call Project/Calling Data/Frog Calls/FLSHE_2021/FLSHE_2021_398/TEST_0+1_20210126_230500.wav,39.72399236996748,159.0,2021,398
/Volumes/Expansion/Frog Call Project/Calling Data/Frog Calls/FLSHE_2021/FLSHE_2021_398/TEST_0+1_20210125_230400.wav,39.69275814352834,136.5,2021,398
/Volumes/Expansion/Frog Call Project/Calling Data/Frog Calls/FLSHE_2021/FLSHE_2021_398/TEST_0+1_20210227_003200.wav,39.68439526358792,107.0,2021,398
/Volumes/Expansion/Frog Call Project/Calling Data/Frog Calls/FLSHE_2021/FLSHE_2021_398/TEST_0+1_20210219_002600.wav,39.63829320682585,105.5,2021,398
/Volumes/Expansion/Frog Call Project/Calling Data/Frog Calls/FLSHE_2021/FLSHE_2021_398/TEST_0+1_20210221_192800.wav,39.62910902759874,217.5,2021,398
/Volumes/Expansion/Frog Call Project/Calling Data/Frog Calls/FLSHE_2021/FLSHE_2021_398/TEST_0+1_20210315_204500.wav,39.62132848624269,6.5,2021,398
/Volumes/Expansion/Frog Call Project/Calling Data/Frog Calls/FLSHE_2021/FLSHE_2021_398/TEST_0+1_20210303_173600.wav,39.611153118139455,247.0,2021,398
/Volumes/Expansion/Frog Call Project/Calling Data/Frog Calls/FLSHE_2021/FLSHE_2021_398/TEST_0+1_20210130_180800.wav,39.59509558052904,276.5,2021,398
/Volumes/Expansion/Frog Call Project/Calling Data/Frog Calls/FLSHE_2021/FLSHE_2021_398/TEST_0+1_20210212_012000.wav,39.57305526524406,297.5,2021,398
/Volumes/Expansion/Frog Call Project/Calling Data/Frog Calls/FLSHE_2021/FLSHE_2021_398/TEST_0+1_20210203_171200.wav,39.54886901370583,7.5,2021,398
/Volumes/Expansion/Frog Call Project/Calling Data/Frog Calls/FLSHE_2021/FLSHE_2021_398/TEST_0+1_20210314_204400.wav,39.54392107561406,211.0,2021,398
/Volumes/Expansion/Frog Call Project/Calling Data/Frog Calls/FLSHE_2021/FLSHE_2021_398/TEST_0+1_20210303_013500.wav,39.54138397654936,257.5,2021,398
/Volumes/Expansion/Frog Call Project/Calling Data/Frog Calls/FLSHE_2021/FLSHE_2021_398/TEST_0+1_20210221_212800.wav,39.51599552373215,241.0,2021,398
/Volumes/Expansion/Frog Call Project/Calling Data/Frog Calls/FLSHE_2021/FLSHE_2021_398/TEST_0+1_20210224_233100.wav,39.49493452802962,78.5,2021,398
/Volumes/Expansion/Frog Call Project/Calling Data/Frog Calls/FLSHE_2021/FLSHE_2021_398/TEST_0+1_20210313_234400.wav,39.48527032738068,187.0,2021,398
/Volumes/Expansion/Frog Call Project/Calling Data/Frog Calls/FLSHE_2021/FLSHE_2021_398/TEST_0+1_20210208_191700.wav,39.45552679855126,85.0,2021,398
/Volumes/Expansion/Frog Call Project/Calling Data/Frog Calls/FLSHE_2021/FLSHE_2021_398/TEST_0+1_20210225_173100.wav,39.44820594798488,114.5,2021,398
/Volumes/Expansion/Frog Call Project/Calling Data/Frog Calls/FLSHE_2021/FLSHE_2021_398/TEST_0+1_20210304_223700.wav,39.42113582750808,152.5,2021,398
/Volumes/Expansion/Frog Call Project/Calling Data/Frog Calls/FLSHE_2021/FLSHE_2021_398/TEST_0+1_20210312_014200.wav,39.40230897434313,45.5,2021,398
/Volumes/Expansion/Frog Call Project/Calling Data/Frog Calls/FLSHE_2021/FLSHE_2021_398/TEST_0+1_20210221_012700.wav,39.391344615347066,193.0,2021,398
/Volumes/Expansion/Frog Call Project/Calling Data/Frog Calls/FLSHE_2021/FLSHE_2021_398/TEST_0+1_20210319_014700.wav,39.37822547601576,11.5,2021,398
/Volumes/Expansion/Frog Call Project/Calling Data/Frog Calls/FLSHE_2021/FLSHE_2021_398/TEST_0+1_20210208_201700.wav,39.34586760527778,153.5,2021,398
/Volumes/Expansion/Frog Call Project/Calling Data/Frog Calls/FLSHE_2021/FLSHE_2021_398/TEST_0+1_20210201_000900.wav,39.27395266786768,31.5,2021,398
/Volumes/Expansion/Frog Call Project/Calling Data/Frog Calls/FLSHE_2021/FLSHE_2021_398/TEST_0+1_20210221_172800.wav,39.26714869345785,80.0,2021,398
/Volumes/Expansion/Frog Call Project/Calling Data/Frog Calls/FLSHE_2021/FLSHE_2021_398/TEST_0+1_20210302_173500.wav,39.20386045338588,157.5,2021,398
/Volumes/Expansion/Frog Call Project/Calling Data/Frog Calls/FLSHE_2021/FLSHE_2021_398/TEST_0+1_20210127_010500.wav,39.1890505088655,7.5,2021,398
/Volumes/Expansion/Frog Call Project/Calling Data/Frog Calls/FLSHE_2021/FLSHE_2021_398/TEST_0+1_20210305_223800.wav,39.15755607845359,27.0,2021,398
/Volumes/Expansion/Frog Call Project/Calling Data/Frog Calls/FLSHE_2021/FLSHE_2021_398/TEST_0+1_20210215_002200.wav,39.14833067341051,88.5,2021,398
/Volumes/Expansion/Frog Call Project/Calling Data/Frog Calls/FLSHE_2021/FLSHE_2021_398/TEST_0+1_20210209_171800.wav,39.14399870399431,137.5,2021,398
/Volumes/Expansion/Frog Call Project/Calling Data/Frog Calls/FLSHE_2021/FLSHE_2021_398/TEST_0+1_20210223_173000.wav,39.133834134783136,43.0,2021,398
/Volumes/Expansion/Frog Call Project/Calling Data/Frog Calls/FLSHE_2021/FLSHE_2021_398/TEST_0+1_20210301_173500.wav,39.11764776146001,117.0,2021,398
/Volumes/Expansion/Frog Call Project/Calling Data/Frog Calls/FLSHE_2021/FLSHE_2021_398/TEST_0+1_20210127_230600.wav,39.03911903863419,109.0,2021,398
/Volumes/Expansion/Frog Call Project/Calling Data/Frog Calls/FLSHE_2021/FLSHE_2021_398/TEST_0+1_20210219_172600.wav,39.01966357753352,10.0,2021,398
/Volumes/Expansion/Frog Call Project/Calling Data/Frog Calls/FLSHE_2021/FLSHE_2021_398/TEST_0+1_20210207_171600.wav,38.94518302327148,88.0,2021,398
/Volumes/Expansion/Frog Call Project/Calling Data/Frog Calls/FLSHE_2021/FLSHE_2021_398/TEST_0+1_20210202_221100.wav,38.93807413354213,284.0,2021,398
/Volumes/Expansion/Frog Call Project/Calling Data/Frog Calls/FLSHE_2021/FLSHE_2021_398/TEST_0+1_20210204_181300.wav,38.8746390125961,290.0,2021,398
/Volumes/Expansion/Frog Call Project/Calling Data/Frog Calls/FLSHE_2021/FLSHE_2021_398/TEST_0+1_20210318_184700.wav,38.87037533223907,218.5,2021,398
/Volumes/Expansion/Frog Call Project/Calling Data/Frog Calls/FLSHE_2021/FLSHE_2021_398/TEST_0+1_20210307_023900.wav,38.81018143383385,240.5,2021,398
/Volumes/Expansion/Frog Call Project/Calling Data/Frog Calls/FLSHE_2021/FLSHE_2021_398/TEST_0+1_20210226_233200.wav,38.80637883433312,252.5,2021,398
/Volumes/Expansion/Frog Call Project/Calling Data/Frog Calls/FLSHE_2021/FLSHE_2021_398/TEST_0+1_20210207_011500.wav,38.7341643467363,237.0,2021,398
/Volumes/Expansion/Frog Call Project/Calling Data/Frog Calls/FLSHE_2021/FLSHE_2021_398/TEST_0+1_20210126_220500.wav,38.72675728956405,71.0,2021,398
/Volumes/Expansion/Frog Call Project/Calling Data/Frog Calls/FLSHE_2021/FLSHE_2021_398/TEST_0+1_20210130_020800.wav,38.695931983609896,52.0,2021,398
/Volumes/Expansion/Frog Call Project/Calling Data/Frog Calls/FLSHE_2021/FLSHE_2021_398/TEST_0+1_20210305_183800.wav,38.690434438075854,28.0,2021,398
/Volumes/Expansion/Frog Call Project/Calling Data/Frog Calls/FLSHE_2021/FLSHE_2021_398/TEST_0+1_20210128_190700.wav,38.62368011862012,89.0,2021,398
/Volumes/Expansion/Frog Call Project/Calling Data/Frog Calls/FLSHE_2021/FLSHE_2021_398/TEST_0+1_20210313_004300.wav,38.50074641535393,166.5,2021,398
/Volumes/Expansion/Frog Call Project/Calling Data/Frog Calls/FLSHE_2021/FLSHE_2021_398/TEST_0+1_20210310_224200.wav,38.49327865972866,235.5,2021,398
/Volumes/Expansion/Frog Call Project/Calling Data/Frog Calls/FLSHE_2021/FLSHE_2021_398/TEST_0+1_20210210_221900.wav,38.42241421598628,260.5,2021,398
/Volumes/Expansion/Frog Call Project/Calling Data/Frog Calls/FLSHE_2021/FLSHE_2021_398/TEST_0+1_20210307_173900.wav,38.41865459258985,55.0,2021,398
/Volumes/Expansion/Frog Call Project/Calling Data/Frog Calls/FLSHE_2021/FLSHE_2021_398/TEST_0+1_20210224_003000.wav,38.41413471579956,142.0,2021,398
/Volumes/Expansion/Frog Call Project/Calling Data/Frog Calls/FLSHE_2021/FLSHE_2021_398/TEST_0+1_20210217_192500.wav,38.3907880783208,249.0,2021,398
/Volumes/Expansion/Frog Call Project/Calling Data/Frog Calls/FLSHE_2021/FLSHE_2021_398/TEST_0+1_20210217_182500.wav,38.345463664823264,215.0,2021,398
/Volumes/Expansion/Frog Call Project/Calling Data/Frog Calls/FLSHE_2021/FLSHE_2021_398/TEST_0+1_20210315_174500.wav,38.34538262288101,17.5,2021,398
/Volumes/Expansion/Frog Call Project/Calling Data/Frog Calls/FLSHE_2021/FLSHE_2021_398/TEST_0+1_20210227_223300.wav,38.30126669942896,81.0,2021,398
/Volumes/Expansion/Frog Call Project/Calling Data/Frog Calls/FLSHE_2021/FLSHE_2021_398/TEST_0+1_20210203_011100.wav,38.29435474994353,122.0,2021,398
/Volumes/Expansion/Frog Call Project/Calling Data/Frog Calls/FLSHE_2021/FLSHE_2021_398/TEST_0+1_20210309_224100.wav,38.291953354302485,146.0,2021,398
/Volumes/Expansion/Frog Call Project/Calling Data/Frog Calls/FLSHE_2021/FLSHE_2021_398/TEST_0+1_20210301_203500.wav,38.25951290098098,252.0,2021,398
/Volumes/Expansion/Frog Call Project/Calling Data/Frog Calls/FLSHE_2021/FLSHE_2021_398/TEST_0+1_20210210_211900.wav,38.240160377663976,185.0,2021,398
/Volumes/Expansion/Frog Call Project/Calling Data/Frog Calls/FLSHE_2021/FLSHE_2021_398/TEST_0+1_20210202_021000.wav,38.214153389199005,131.0,2021,398
/Volumes/Expansion/Frog Call Project/Calling Data/Frog Calls/FLSHE_2021/FLSHE_2021_398/TEST_0+1_20210313_174400.wav,38.19410477980144,204.0,2021,398
/Volumes/Expansion/Frog Call Project/Calling Data/Frog Calls/FLSHE_2021/FLSHE_2021_398/TEST_0+1_20210314_024400.wav,38.14909799493227,41.5,2021,398
/Volumes/Expansion/Frog Call Project/Calling Data/Frog Calls/FLSHE_2021/FLSHE_2021_398/TEST_0+1_20210203_231200.wav,38.1191583653835,45.0,2021,398
/Volumes/Expansion/Frog Call Project/Calling Data/Frog Calls/FLSHE_2021/FLSHE_2021_398/TEST_0+1_20210224_183100.wav,38.09105448119527,255.0,2021,398
/Volumes/Expansion/Frog Call Project/Calling Data/Frog Calls/FLSHE_2021/FLSHE_2021_398/TEST_0+1_20210308_234000.wav,38.06258906715764,0.5,2021,398
/Volumes/Expansion/Frog Call Project/Calling Data/Frog Calls/FLSHE_2021/FLSHE_2021_398/TEST_0+1_20210216_222400.wav,38.0540939260533,209.0,2021,398
/Volumes/Expansion/Frog Call Project/Calling Data/Frog Calls/FLSHE_2021/FLSHE_2021_398/TEST_0+1_20210129_220800.wav,37.95495951459434,152.0,2021,398
/Volumes/Expansion/Frog Call Project/Calling Data/Frog Calls/FLSHE_2021/FLSHE_2021_398/TEST_0+1_20210126_190500.wav,37.93062676143238,219.5,2021,398
/Volumes/Expansion/Frog Call Project/Calling Data/Frog Calls/FLSHE_2021/FLSHE_2021_398/TEST_0+1_20210228_023300.wav,37.85369200432337,204.5,2021,398
/Volumes/Expansion/Frog Call Project/Calling Data/Frog Calls/FLSHE_2021/FLSHE_2021_398/TEST_0+1_20210131_000800.wav,37.852517153507,75.5,2021,398
/Volumes/Expansion/Frog Call Project/Calling Data/Frog Calls/FLSHE_2021/FLSHE_2021_398/TEST_0+1_20210127_220600.wav,37.82746643072873,57.5,2021,398
/Volumes/Expansion/Frog Call Project/Calling Data/Frog Calls/FLSHE_2021/FLSHE_2021_398/TEST_0+1_20210315_194500.wav,37.82416249461109,164.5,2021,398
/Volumes/Expansion/Frog Call Project/Calling Data/Frog Calls/FLSHE_2021/FLSHE_2021_398/TEST_0+1_20210316_194600.wav,37.8198643954067,282.0,2021,398
/Volumes/Expansion/Frog Call Project/Calling Data/Frog Calls/FLSHE_2021/FLSHE_2021_398/TEST_0+1_20210304_213700.wav,37.80848860700132,9.5,2021,398
/Volumes/Expansion/Frog Call Project/Calling Data/Frog Calls/FLSHE_2021/FLSHE_2021_398/TEST_0+1_20210223_223000.wav,37.80641358847214,107.5,2021,398
/Volumes/Expansion/Frog Call Project/Calling Data/Frog Calls/FLSHE_2021/FLSHE_2021_398/TEST_0+1_20210301_193500.wav,37.75800533538977,71.0,2021,398
/Volumes/Expansion/Frog Call Project/Calling Data/Frog Calls/FLSHE_2021/FLSHE_2021_398/TEST_0+1_20210308_224000.wav,37.74722988091095,258.5,2021,398
/Volumes/Expansion/Frog Call Project/Calling Data/Frog Calls/FLSHE_2021/FLSHE_2021_398/TEST_0+1_20210319_214800.wav,37.73136875073588,51.0,2021,398
/Volumes/Expansion/Frog Call Project/Calling Data/Frog Calls/FLSHE_2021/FLSHE_2021_398/TEST_0+1_20210315_004400.wav,37.72216580443485,295.0,2021,398
/Volumes/Expansion/Frog Call Project/Calling Data/Frog Calls/FLSHE_2021/FLSHE_2021_398/TEST_0+1_20210129_230800.wav,37.71114198414392,16.5,2021,398
/Volumes/Expansion/Frog Call Project/Calling Data/Frog Calls/FLSHE_2021/FLSHE_2021_398/TEST_0+1_20210213_172100.wav,37.70738182114365,97.0,2021,398
/Volumes/Expansion/Frog Call Project/Calling Data/Frog Calls/FLSHE_2021/FLSHE_2021_398/TEST_0+1_20210315_224500.wav,37.68546985453992,217.0,2021,398
/Volumes/Expansion/Frog Call Project/Calling Data/Frog Calls/FLSHE_2021/FLSHE_2021_398/TEST_0+1_20210201_231000.wav,37.670460200328,13.5,2021,398
/Volumes/Expansion/Frog Call Project/Calling Data/Frog Calls/FLSHE_2021/FLSHE_2021_398/TEST_0+1_20210203_001100.wav,37.65354114736492,19.5,2021,398
/Volumes/Expansion/Frog Call Project/Calling Data/Frog Calls/FLSHE_2021/FLSHE_2021_398/TEST_0+1_20210125_220400.wav,37.65277998574802,190.0,2021,398
/Volumes/Expansion/Frog Call Project/Calling Data/Frog Calls/FLSHE_2021/FLSHE_2021_398/TEST_0+1_20210213_192100.wav,37.62216146767231,25.0,2021,398
/Volumes/Expansion/Frog Call Project/Calling Data/Frog Calls/FLSHE_2021/FLSHE_2021_398/TEST_0+1_20210219_202600.wav,37.619590835342784,59.0,2021,398
/Volumes/Expansion/Frog Call Project/Calling Data/Frog Calls/FLSHE_2021/FLSHE_2021_398/TEST_0+1_20210216_172400.wav,37.584547385158224,106.0,2021,398
/Volumes/Expansion/Frog Call Project/Calling Data/Frog Calls/FLSHE_2021/FLSHE_2021_398/TEST_0+1_20210309_174100.wav,37.57582439756696,154.0,2021,398
/Volumes/Expansion/Frog Call Project/Calling Data/Frog Calls/FLSHE_2021/FLSHE_2021_398/TEST_0+1_20210204_211300.wav,37.54610690605987,213.5,2021,398
/Volumes/Expansion/Frog Call Project/Calling Data/Frog Calls/FLSHE_2021/FLSHE_2021_398/TEST_0+1_20210126_010400.wav,37.5226699746676,130.5,2021,398
/Volumes/Expansion/Frog Call Project/Calling Data/Frog Calls/FLSHE_2021/FLSHE_2021_398/TEST_0+1_20210320_004800.wav,37.43283890927077,134.5,2021,398
/Volumes/Expansion/Frog Call Project/Calling Data/Frog Calls/FLSHE_2021/FLSHE_2021_398/TEST_0+1_20210228_013300.wav,37.430282871841214,239.0,2021,398
/Volumes/Expansion/Frog Call Project/Calling Data/Frog Calls/FLSHE_2021/FLSHE_2021_398/TEST_0+1_20210130_000800.wav,37.38756425861293,123.5,2021,398
/Volumes/Expansion/Frog Call Project/Calling Data/Frog Calls/FLSHE_2021/FLSHE_2021_398/TEST_0+1_20210131_170900.wav,37.36801622441559,204.0,2021,398
/Volumes/Expansion/Frog Call Project/Calling Data/Frog Calls/FLSHE_2021/FLSHE_2021_398/TEST_0+1_20210222_212900.wav,37.353162036989474,73.5,2021,398
/Volumes/Expansion/Frog Call Project/Calling Data/Frog Calls/FLSHE_2021/FLSHE_2021_398/TEST_0+1_20210223_002900.wav,37.34937735185902,226.5,2021,398
/Volumes/Expansion/Frog Call Project/Calling Data/Frog Calls/FLSHE_2021/FLSHE_2021_398/TEST_0+1_20210205_011300.wav,37.302760800562616,97.5,2021,398
/Volumes/Expansion/Frog Call Project/Calling Data/Frog Calls/FLSHE_2021/FLSHE_2021_398/TEST_0+1_20210125_000300.wav,37.29159144867953,174.5,2021,398
/Volumes/Expansion/Frog Call Project/Calling Data/Frog Calls/FLSHE_2021/FLSHE_2021_398/TEST_0+1_20210202_011000.wav,37.288421799050525,179.0,2021,398
/Volumes/Expansion/Frog Call Project/Calling Data/Frog Calls/FLSHE_2021/FLSHE_2021_398/TEST_0+1_20210209_231800.wav,37.27622718840374,159.0,2021,398
/Volumes/Expansion/Frog Call Project/Calling Data/Frog Calls/FLSHE_2021/FLSHE_2021_398/TEST_0+1_20210319_174800.wav,37.232010980864565,207.5,2021,398
/Volumes/Expansion/Frog Call Project/Calling Data/Frog Calls/FLSHE_2021/FLSHE_2021_398/TEST_0+1_20210218_202600.wav,37.16546070593409,223.5,2021,398
/Volumes/Expansion/Frog Call Project/Calling Data/Frog Calls/FLSHE_2021/FLSHE_2021_398/TEST_0+1_20210131_230900.wav,37.16545582872217,14.0,2021,398
/Volumes/Expansion/Frog Call Project/Calling Data/Frog Calls/FLSHE_2021/FLSHE_2021_398/TEST_0+1_20210219_232600.wav,37.14655458994508,42.0,2021,398
/Volumes/Expansion/Frog Call Project/Calling Data/Frog Calls/FLSHE_2021/FLSHE_2021_398/TEST_0+1_20210130_190800.wav,37.14201510811903,248.0,2021,398
/Volumes/Expansion/Frog Call Project/Calling Data/Frog Calls/FLSHE_2021/FLSHE_2021_398/TEST_0+1_20210211_232000.wav,37.08716652628671,282.5,2021,398
/Volumes/Expansion/Frog Call Project/Calling Data/Frog Calls/FLSHE_2021/FLSHE_2021_398/TEST_0+1_20210127_170600.wav,37.06094377780461,90.0,2021,398
/Volumes/Expansion/Frog Call Project/Calling Data/Frog Calls/FLSHE_2021/FLSHE_2021_398/TEST_0+1_20210219_182600.wav,37.05938595428854,119.5,2021,398
/Volumes/Expansion/Frog Call Project/Calling Data/Frog Calls/FLSHE_2021/FLSHE_2021_398/TEST_0+1_20210310_184200.wav,37.03314158908212,27.5,2021,398
/Volumes/Expansion/Frog Call Project/Calling Data/Frog Calls/FLSHE_2021/FLSHE_2021_398/TEST_0+1_20210207_211600.wav,36.98882320459321,117.5,2021,398
/Volumes/Expansion/Frog Call Project/Calling Data/Frog Calls/FLSHE_2021/FLSHE_2021_398/TEST_0+1_20210213_222100.wav,36.98417737328101,237.5,2021,398
/Volumes/Expansion/Frog Call Project/Calling Data/Frog Calls/FLSHE_2021/FLSHE_2021_398/TEST_0+1_20210309_204100.wav,36.979604917882526,183.0,2021,398
/Volumes/Expansion/Frog Call Project/Calling Data/Frog Calls/FLSHE_2021/FLSHE_2021_398/TEST_0+1_20210220_222700.wav,36.952276542561606,206.5,2021,398
/Volumes/Expansion/Frog Call Project/Calling Data/Frog Calls/FLSHE_2021/FLSHE_2021_398/TEST_0+1_20210228_173400.wav,36.94082635667028,26.5,2021,398
/Volumes/Expansion/Frog Call Project/Calling Data/Frog Calls/FLSHE_2021/FLSHE_2021_398/TEST_0+1_20210226_173200.wav,36.88830850268093,179.0,2021,398
/Volumes/Expansion/Frog Call Project/Calling Data/Frog Calls/FLSHE_2021/FLSHE_2021_398/TEST_0+1_20210217_202500.wav,36.88677231278562,246.0,2021,398
/Volumes/Expansion/Frog Call Project/Calling Data/Frog Calls/FLSHE_2021/FLSHE_2021_398/TEST_0+1_20210131_020800.wav,36.87583502508405,113.5,2021,398
/Volumes/Expansion/Frog Call Project/Calling Data/Frog Calls/FLSHE_2021/FLSHE_2021_398/TEST_0+1_20210224_203100.wav,36.81895109852736,89.5,2021,398
/Volumes/Expansion/Frog Call Project/Calling Data/Frog Calls/FLSHE_2021/FLSHE_2021_398/TEST_0+1_20210216_212400.wav,36.80744418066048,44.0,2021,398
/Volumes/Expansion/Frog Call Project/Calling Data/Frog Calls/FLSHE_2021/FLSHE_2021_398/TEST_0+1_20210219_212600.wav,36.785797920549626,158.0,2021,398
/Volumes/Expansion/Frog Call Project/Calling Data/Frog Calls/FLSHE_2021/FLSHE_2021_398/TEST_0+1_20210305_023700.wav,36.7693605394145,123.0,2021,398
/Volumes/Expansion/Frog Call Project/Calling Data/Frog Calls/FLSHE_2021/FLSHE_2021_398/TEST_0+1_20210306_003800.wav,36.76757355973999,91.5,2021,398
/Volumes/Expansion/Frog Call Project/Calling Data/Frog Calls/FLSHE_2021/FLSHE_2021_398/TEST_0+1_20210311_234200.wav,36.729710069414764,90.5,2021,398
/Volumes/Expansion/Frog Call Project/Calling Data/Frog Calls/FLSHE_2021/FLSHE_2021_398/TEST_0+1_20210226_203200.wav,36.6984438594928,81.0,2021,398
/Volumes/Expansion/Frog Call Project/Calling Data/Frog Calls/FLSHE_2021/FLSHE_2021_398/TEST_0+1_20210202_231100.wav,36.65340287380777,11.0,2021,398
/Volumes/Expansion/Frog Call Project/Calling Data/Frog Calls/FLSHE_2021/FLSHE_2021_398/TEST_0+1_20210222_182900.wav,36.633272781459134,170.5,2021,398
/Volumes/Expansion/Frog Call Project/Calling Data/Frog Calls/FLSHE_2021/FLSHE_2021_398/TEST_0+1_20210307_223900.wav,36.624465095955145,121.5,2021,398
/Volumes/Expansion/Frog Call Project/Calling Data/Frog Calls/FLSHE_2021/FLSHE_2021_398/TEST_0+1_20210218_172600.wav,36.61009554014372,142.0,2021,398
/Volumes/Expansion/Frog Call Project/Calling Data/Frog Calls/FLSHE_2021/FLSHE_2021_398/TEST_0+1_20210306_193900.wav,36.60950868682462,130.5,2021,398
/Volumes/Expansion/Frog Call Project/Calling Data/Frog Calls/FLSHE_2021/FLSHE_2021_398/TEST_0+1_20210312_224300.wav,36.59004194270951,297.0,2021,398
/Volumes/Expansion/Frog Call Project/Calling Data/Frog Calls/FLSHE_2021/FLSHE_2021_398/TEST_0+1_20210205_221400.wav,36.58991755601207,115.5,2021,398
/Volumes/Expansion/Frog Call Project/Calling Data/Frog Calls/FLSHE_2021/FLSHE_2021_398/TEST_0+1_20210316_184600.wav,36.568869952868376,262.0,2021,398
/Volumes/Expansion/Frog Call Project/Calling Data/Frog Calls/FLSHE_2021/FLSHE_2021_398/TEST_0+1_20210209_001700.wav,36.48690407897475,274.5,2021,398
/Volumes/Expansion/Frog Call Project/Calling Data/Frog Calls/FLSHE_2021/FLSHE_2021_398/TEST_0+1_20210319_194800.wav,36.45726179211531,25.5,2021,398
/Volumes/Expansion/Frog Call Project/Calling Data/Frog Calls/FLSHE_2021/FLSHE_2021_398/TEST_0+1_20210219_222600.wav,36.43047381773479,127.0,2021,398
/Volumes/Expansion/Frog Call Project/Calling Data/Frog Calls/FLSHE_2021/FLSHE_2021_398/TEST_0+1_20210228_193400.wav,36.42277086007432,39.5,2021,398
/Volumes/Expansion/Frog Call Project/Calling Data/Frog Calls/FLSHE_2021/FLSHE_2021_398/TEST_0+1_20210208_231700.wav,36.41278487320231,59.5,2021,398
/Volumes/Expansion/Frog Call Project/Calling Data/Frog Calls/FLSHE_2021/FLSHE_2021_398/TEST_0+1_20210224_173100.wav,36.388347992647,290.0,2021,398
/Volumes/Expansion/Frog Call Project/Calling Data/Frog Calls/FLSHE_2021/FLSHE_2021_398/TEST_0+1_20210206_181500.wav,36.37845047210087,181.5,2021,398
/Volumes/Expansion/Frog Call Project/Calling Data/Frog Calls/FLSHE_2021/FLSHE_2021_398/TEST_0+1_20210304_193700.wav,36.374881574737145,221.0,2021,398
/Volumes/Expansion/Frog Call Project/Calling Data/Frog Calls/FLSHE_2021/FLSHE_2021_398/TEST_0+1_20210313_184400.wav,36.35130560459741,0.0,2021,398
/Volumes/Expansion/Frog Call Project/Calling Data/Frog Calls/FLSHE_2021/FLSHE_2021_398/TEST_0+1_20210307_003900.wav,36.3048837529954,279.0,2021,398
/Volumes/Expansion/Frog Call Project/Calling Data/Frog Calls/FLSHE_2021/FLSHE_2021_398/TEST_0+1_20210216_012300.wav,36.29626283329112,241.5,2021,398
/Volumes/Expansion/Frog Call Project/Calling Data/Frog Calls/FLSHE_2021/FLSHE_2021_398/TEST_0+1_20210213_212100.wav,36.2426426104803,32.5,2021,398
/Volumes/Expansion/Frog Call Project/Calling Data/Frog Calls/FLSHE_2021/FLSHE_2021_398/TEST_0+1_20210201_010900.wav,36.1240755455936,162.0,2021,398
/Volumes/Expansion/Frog Call Project/Calling Data/Frog Calls/FLSHE_2021/FLSHE_2021_398/TEST_0+1_20210312_234300.wav,36.12209023169259,242.0,2021,398
/Volumes/Expansion/Frog Call Project/Calling Data/Frog Calls/FLSHE_2021/FLSHE_2021_398/TEST_0+1_20210227_013200.wav,36.09403655521976,229.0,2021,398
/Volumes/Expansion/Frog Call Project/Calling Data/Frog Calls/FLSHE_2021/FLSHE_2021_398/TEST_0+1_20210223_193000.wav,36.05773868494091,156.5,2021,398
/Volumes/Expansion/Frog Call Project/Calling Data/Frog Calls/FLSHE_2021/FLSHE_2021_398/TEST_0+1_20210314_214400.wav,36.02019524335769,42.0,2021,398
/Volumes/Expansion/Frog Call Project/Calling Data/Frog Calls/FLSHE_2021/FLSHE_2021_398/TEST_0+1_20210217_222500.wav,35.98669608448889,12.5,2021,398
/Volumes/Expansion/Frog Call Project/Calling Data/Frog Calls/FLSHE_2021/FLSHE_2021_398/TEST_0+1_20210129_210800.wav,35.90056560150788,17.5,2021,398
/Volumes/Expansion/Frog Call Project/Calling Data/Frog Calls/FLSHE_2021/FLSHE_2021_398/TEST_0+1_20210218_182600.wav,35.870030612808335,156.5,2021,398
/Volumes/Expansion/Frog Call Project/Calling Data/Frog Calls/FLSHE_2021/FLSHE_2021_398/TEST_0+1_20210306_183900.wav,35.85647267772598,55.0,2021,398
/Volumes/Expansion/Frog Call Project/Calling Data/Frog Calls/FLSHE_2021/FLSHE_2021_398/TEST_0+1_20210211_222000.wav,35.84609347484968,138.5,2021,398
/Volumes/Expansion/Frog Call Project/Calling Data/Frog Calls/FLSHE_2021/FLSHE_2021_398/TEST_0+1_20210130_210800.wav,35.809400838524,133.5,2021,398
/Volumes/Expansion/Frog Call Project/Calling Data/Frog Calls/FLSHE_2021/FLSHE_2021_398/TEST_0+1_20210125_210400.wav,35.78469130849881,47.5,2021,398
/Volumes/Expansion/Frog Call Project/Calling Data/Frog Calls/FLSHE_2021/FLSHE_2021_398/TEST_0+1_20210306_213900.wav,35.77017305950255,59.0,2021,398
/Volumes/Expansion/Frog Call Project/Calling Data/Frog Calls/FLSHE_2021/FLSHE_2021_398/TEST_0+1_20210201_191000.wav,35.75870228488304,220.5,2021,398
/Volumes/Expansion/Frog Call Project/Calling Data/Frog Calls/FLSHE_2021/FLSHE_2021_398/TEST_0+1_20210124_230300.wav,35.74866626165858,273.0,2021,398
/Volumes/Expansion/Frog Call Project/Calling Data/Frog Calls/FLSHE_2021/FLSHE_2021_398/TEST_0+1_20210227_193300.wav,35.74493410376586,290.5,2021,398
/Volumes/Expansion/Frog Call Project/Calling Data/Frog Calls/FLSHE_2021/FLSHE_2021_398/TEST_0+1_20210130_010800.wav,35.716578769721266,8.5,2021,398
/Volumes/Expansion/Frog Call Project/Calling Data/Frog Calls/FLSHE_2021/FLSHE_2021_398/TEST_0+1_20210225_193100.wav,35.69856564563427,237.0,2021,398
/Volumes/Expansion/Frog Call Project/Calling Data/Frog Calls/FLSHE_2021/FLSHE_2021_398/TEST_0+1_20210204_021200.wav,35.65149232974291,105.5,2021,398
/Volumes/Expansion/Frog Call Project/Calling Data/Frog Calls/FLSHE_2021/FLSHE_2021_398/TEST_0+1_20210202_191100.wav,35.63356233037916,179.0,2021,398
/Volumes/Expansion/Frog Call Project/Calling Data/Frog Calls/FLSHE_2021/FLSHE_2021_398/TEST_0+1_20210303_233600.wav,35.61728875575247,47.0,2021,398
/Volumes/Expansion/Frog Call Project/Calling Data/Frog Calls/FLSHE_2021/FLSHE_2021_398/TEST_0+1_20210308_184000.wav,35.609342526030915,253.5,2021,398
/Volumes/Expansion/Frog Call Project/Calling Data/Frog Calls/FLSHE_2021/FLSHE_2021_398/TEST_0+1_20210127_000500.wav,35.597240897465966,12.0,2021,398
/Volumes/Expansion/Frog Call Project/Calling Data/Frog Calls/FLSHE_2021/FLSHE_2021_398/TEST_0+1_20210212_002000.wav,35.53478353876693,269.0,2021,398
/Volumes/Expansion/Frog Call Project/Calling Data/Frog Calls/FLSHE_2021/FLSHE_2021_398/TEST_0+1_20210214_022100.wav,35.50810807728596,150.0,2021,398
/Volumes/Expansion/Frog Call Project/Calling Data/Frog Calls/FLSHE_2021/FLSHE_2021_398/TEST_0+1_20210221_182800.wav,35.47524443373517,147.5,2021,398
/Volumes/Expansion/Frog Call Project/Calling Data/Frog Calls/FLSHE_2021/FLSHE_2021_398/TEST_0+1_20210313_214400.wav,35.440428957495534,8.5,2021,398
/Volumes/Expansion/Frog Call Project/Calling Data/Frog Calls/FLSHE_2021/FLSHE_2021_398/TEST_0+1_20210225_013100.wav,35.428389834933064,279.0,2021,398
/Volumes/Expansion/Frog Call Project/Calling Data/Frog Calls/FLSHE_2021/FLSHE_2021_398/TEST_0+1_20210316_004500.wav,35.410368170716,255.0,2021,398
/Volumes/Expansion/Frog Call Project/Calling Data/Frog Calls/FLSHE_2021/FLSHE_2021_398/TEST_0+1_20210127_200600.wav,35.39656974463249,202.0,2021,398
/Volumes/Expansion/Frog Call Project/Calling Data/Frog Calls/FLSHE_2021/FLSHE_2021_398/TEST_0+1_20210209_221800.wav,35.37914869568889,80.0,2021,398
/Volumes/Expansion/Frog Call Project/Calling Data/Frog Calls/FLSHE_2021/FLSHE_2021_398/TEST_0+1_20210228_003300.wav,35.34283040401893,32.0,2021,398
/Volumes/Expansion/Frog Call Project/Calling Data/Frog Calls/FLSHE_2021/FLSHE_2021_398/TEST_0+1_20210130_200800.wav,35.32358492674277,78.5,2021,398
/Volumes/Expansion/Frog Call Project/Calling Data/Frog Calls/FLSHE_2021/FLSHE_2021_398/TEST_0+1_20210204_001200.wav,35.259820461986,265.5,2021,398
/Volumes/Expansion/Frog Call Project/Calling Data/Frog Calls/FLSHE_2021/FLSHE_2021_398/TEST_0+1_20210317_174700.wav,35.222575301643666,132.0,2021,398
/Volumes/Expansion/Frog Call Project/Calling Data/Frog Calls/FLSHE_2021/FLSHE_2021_398/TEST_0+1_20210308_194000.wav,35.18424406346848,71.5,2021,398
/Volumes/Expansion/Frog Call Project/Calling Data/Frog Calls/FLSHE_2021/FLSHE_2021_398/TEST_0+1_20210211_021900.wav,35.16795773272582,133.5,2021,398
/Volumes/Expansion/Frog Call Project/Calling Data/Frog Calls/FLSHE_2021/FLSHE_2021_398/TEST_0+1_20210221_232800.wav,35.117920990072164,230.5,2021,398
/Volumes/Expansion/Frog Call Project/Calling Data/Frog Calls/FLSHE_2021/FLSHE_2021_398/TEST_0+1_20210301_023400.wav,35.08840382603771,258.0,2021,398
/Volumes/Expansion/Frog Call Project/Calling Data/Frog Calls/FLSHE_2021/FLSHE_2021_398/TEST_0+1_20210317_184700.wav,35.087151690417144,268.5,2021,398
/Volumes/Expansion/Frog Call Project/Calling Data/Frog Calls/FLSHE_2021/FLSHE_2021_398/TEST_0+1_20210206_001400.wav,35.07279535262617,215.0,2021,398
/Volumes/Expansion/Frog Call Project/Calling Data/Frog Calls/FLSHE_2021/FLSHE_2021_398/TEST_0+1_20210226_213200.wav,35.03326075515821,135.0,2021,398
/Volumes/Expansion/Frog Call Project/Calling Data/Frog Calls/FLSHE_2021/FLSHE_2021_398/TEST_0+1_20210209_201800.wav,35.02641050297443,47.5,2021,398
/Volumes/Expansion/Frog Call Project/Calling Data/Frog Calls/FLSHE_2021/FLSHE_2021_398/TEST_0+1_20210228_223400.wav,35.02566033023706,236.0,2021,398
/Volumes/Expansion/Frog Call Project/Calling Data/Frog Calls/FLSHE_2021/FLSHE_2021_398/TEST_0+1_20210310_014100.wav,35.0172563867188,199.0,2021,398
/Volumes/Expansion/Frog Call Project/Calling Data/Frog Calls/FLSHE_2021/FLSHE_2021_398/TEST_0+1_20210224_213100.wav,34.99779836614716,29.0,2021,398
/Volumes/Expansion/Frog Call Project/Calling Data/Frog Calls/FLSHE_2021/FLSHE_2021_398/TEST_0+1_20210320_174900.wav,34.949225500671524,64.5,2021,398
/Volumes/Expansion/Frog Call Project/Calling Data/Frog Calls/FLSHE_2021/FLSHE_2021_398/TEST_0+1_20210125_190400.wav,34.93563415750217,146.0,2021,398
/Volumes/Expansion/Frog Call Project/Calling Data/Frog Calls/FLSHE_2021/FLSHE_2021_398/TEST_0+1_20210311_224200.wav,34.93502436035384,133.5,2021,398
/Volumes/Expansion/Frog Call Project/Calling Data/Frog Calls/FLSHE_2021/FLSHE_2021_398/TEST_0+1_20210309_234100.wav,34.85404843452193,212.0,2021,398
/Volumes/Expansion/Frog Call Project/Calling Data/Frog Calls/FLSHE_2021/FLSHE_2021_398/TEST_0+1_20210218_002500.wav,34.82563870974262,148.5,2021,398
/Volumes/Expansion/Frog Call Project/Calling Data/Frog Calls/FLSHE_2021/FLSHE_2021_398/TEST_0+1_20210128_180700.wav,34.82154899512082,21.0,2021,398
/Volumes/Expansion/Frog Call Project/Calling Data/Frog Calls/FLSHE_2021/FLSHE_2021_398/TEST_0+1_20210128_170700.wav,34.814508731881034,99.5,2021,398
/Volumes/Expansion/Frog Call Project/Calling Data/Frog Calls/FLSHE_2021/FLSHE_2021_398/TEST_0+1_20210220_192700.wav,34.77378468538658,247.0,2021,398
/Volumes/Expansion/Frog Call Project/Calling Data/Frog Calls/FLSHE_2021/FLSHE_2021_398/TEST_0+1_20210317_214700.wav,34.76967028573405,295.5,2021,398
/Volumes/Expansion/Frog Call Project/Calling Data/Frog Calls/FLSHE_2021/FLSHE_2021_398/TEST_0+1_20210310_194200.wav,34.756465767801075,230.0,2021,398
/Volumes/Expansion/Frog Call Project/Calling Data/Frog Calls/FLSHE_2021/FLSHE_2021_398/TEST_0+1_20210201_211000.wav,34.73858425834556,144.0,2021,398
/Volumes/Expansion/Frog Call Project/Calling Data/Frog Calls/FLSHE_2021/FLSHE_2021_398/TEST_0+1_20210215_182300.wav,34.704890918563414,184.5,2021,398
/Volumes/Expansion/Frog Call Project/Calling Data/Frog Calls/FLSHE_2021/FLSHE_2021_398/TEST_0+1_20210308_204000.wav,34.70169999311286,231.0,2021,398
/Volumes/Expansion/Frog Call Project/Calling Data/Frog Calls/FLSHE_2021/FLSHE_2021_398/TEST_0+1_20210217_002400.wav,34.66724026778678,180.0,2021,398
/Volumes/Expansion/Frog Call Project/Calling Data/Frog Calls/FLSHE_2021/FLSHE_2021_398/TEST_0+1_20210210_001800.wav,34.66343524657923,238.0,2021,398
/Volumes/Expansion/Frog Call Project/Calling Data/Frog Calls/FLSHE_2021/FLSHE_2021_398/TEST_0+1_20210303_223600.wav,34.61559762904563,166.0,2021,398
/Volumes/Expansion/Frog Call Project/Calling Data/Frog Calls/FLSHE_2021/FLSHE_2021_398/TEST_0+1_20210125_200400.wav,34.611528572864096,145.0,2021,398
/Volumes/Expansion/Frog Call Project/Calling Data/Frog Calls/FLSHE_2021/FLSHE_2021_398/TEST_0+1_20210309_014000.wav,34.5489415691065,213.0,2021,398
/Volumes/Expansion/Frog Call Project/Calling Data/Frog Calls/FLSHE_2021/FLSHE_2021_398/TEST_0+1_20210222_232900.wav,34.54545308476449,189.5,2021,398
/Volumes/Expansion/Frog Call Project/Calling Data/Frog Calls/FLSHE_2021/FLSHE_2021_398/TEST_0+1_20210202_211100.wav,34.54534122499135,241.0,2021,398
/Volumes/Expansion/Frog Call Project/Calling Data/Frog Calls/FLSHE_2021/FLSHE_2021_398/TEST_0+1_20210215_202300.wav,34.466044217911154,2.0,2021,398
/Volumes/Expansion/Frog Call Project/Calling Data/Frog Calls/FLSHE_2021/FLSHE_2021_398/TEST_0+1_20210216_022300.wav,34.43743832370299,119.5,2021,398
/Volumes/Expansion/Frog Call Project/Calling Data/Frog Calls/FLSHE_2021/FLSHE_2021_398/TEST_0+1_20210129_170800.wav,34.378350773155375,18.0,2021,398
/Volumes/Expansion/Frog Call Project/Calling Data/Frog Calls/FLSHE_2021/FLSHE_2021_398/TEST_0+1_20210125_170400.wav,34.35143321588684,136.0,2021,398
/Volumes/Expansion/Frog Call Project/Calling Data/Frog Calls/FLSHE_2021/FLSHE_2021_398/TEST_0+1_20210129_200800.wav,34.34360339673096,161.5,2021,398
/Volumes/Expansion/Frog Call Project/Calling Data/Frog Calls/FLSHE_2021/FLSHE_2021_398/TEST_0+1_20210228_213400.wav,34.333134605480986,219.0,2021,398
/Volumes/Expansion/Frog Call Project/Calling Data/Frog Calls/FLSHE_2021/FLSHE_2021_398/TEST_0+1_20210201_181000.wav,34.326238984478856,100.5,2021,398
/Volumes/Expansion/Frog Call Project/Calling Data/Frog Calls/FLSHE_2021/FLSHE_2021_398/TEST_0+1_20210314_174400.wav,34.290939920804995,56.0,2021,398
/Volumes/Expansion/Frog Call Project/Calling Data/Frog Calls/FLSHE_2021/FLSHE_2021_398/TEST_0+1_20210304_233700.wav,34.28131311058851,67.5,2021,398
/Volumes/Expansion/Frog Call Project/Calling Data/Frog Calls/FLSHE_2021/FLSHE_2021_398/TEST_0+1_20210310_024100.wav,34.2688486490571,133.5,2021,398
/Volumes/Expansion/Frog Call Project/Calling Data/Frog Calls/FLSHE_2021/FLSHE_2021_398/TEST_0+1_20210318_214700.wav,34.23427125705184,36.5,2021,398
/Volumes/Expansion/Frog Call Project/Calling Data/Frog Calls/FLSHE_2021/FLSHE_2021_398/TEST_0+1_20210126_200500.wav,34.213764740568465,170.5,2021,398
/Volumes/Expansion/Frog Call Project/Calling Data/Frog Calls/FLSHE_2021/FLSHE_2021_398/TEST_0+1_20210202_201100.wav,34.189481275214675,173.5,2021,398
/Volumes/Expansion/Frog Call Project/Calling Data/Frog Calls/FLSHE_2021/FLSHE_2021_398/TEST_0+1_20210315_184500.wav,34.173521882167336,148.0,2021,398
/Volumes/Expansion/Frog Call Project/Calling Data/Frog Calls/FLSHE_2021/FLSHE_2021_398/TEST_0+1_20210227_233300.wav,34.16789660641166,119.5,2021,398
/Volumes/Expansion/Frog Call Project/Calling Data/Frog Calls/FLSHE_2021/FLSHE_2021_398/TEST_0+1_20210208_001600.wav,34.13718048487687,252.0,2021,398
/Volumes/Expansion/Frog Call Project/Calling Data/Frog Calls/FLSHE_2021/FLSHE_2021_398/TEST_0+1_20210208_221700.wav,34.09968841697789,30.5,2021,398
/Volumes/Expansion/Frog Call Project/Calling Data/Frog Calls/FLSHE_2021/FLSHE_2021_398/TEST_0+1_20210209_011700.wav,34.08775528443067,271.0,2021,398
/Volumes/Expansion/Frog Call Project/Calling Data/Frog Calls/FLSHE_2021/FLSHE_2021_398/TEST_0+1_20210316_224600.wav,34.05632457496593,181.0,2021,398
/Volumes/Expansion/Frog Call Project/Calling Data/Frog Calls/FLSHE_2021/FLSHE_2021_398/TEST_0+1_20210226_223200.wav,34.03683801556097,61.0,2021,398
/Volumes/Expansion/Frog Call Project/Calling Data/Frog Calls/FLSHE_2021/FLSHE_2021_398/TEST_0+1_20210210_021800.wav,34.02199201200022,68.5,2021,398
/Volumes/Expansion/Frog Call Project/Calling Data/Frog Calls/FLSHE_2021/FLSHE_2021_398/TEST_0+1_20210205_001300.wav,33.943637926572144,85.5,2021,398
/Volumes/Expansion/Frog Call Project/Calling Data/Frog Calls/FLSHE_2021/FLSHE_2021_398/TEST_0+1_20210128_230700.wav,33.93512291629177,51.5,2021,398
/Volumes/Expansion/Frog Call Project/Calling Data/Frog Calls/FLSHE_2021/FLSHE_2021_398/TEST_0+1_20210316_174600.wav,33.932026577836695,88.0,2021,398
/Volumes/Expansion/Frog Call Project/Calling Data/Frog Calls/FLSHE_2021/FLSHE_2021_398/TEST_0+1_20210303_203600.wav,33.93105858269315,79.0,2021,398
/Volumes/Expansion/Frog Call Project/Calling Data/Frog Calls/FLSHE_2021/FLSHE_2021_398/TEST_0+1_20210302_003500.wav,33.92469432584468,31.0,2021,398
/Volumes/Expansion/Frog Call Project/Calling Data/Frog Calls/FLSHE_2021/FLSHE_2021_398/TEST_0+1_20210222_192900.wav,33.90749369076367,270.5,2021,398
/Volumes/Expansion/Frog Call Project/Calling Data/Frog Calls/FLSHE_2021/FLSHE_2021_398/TEST_0+1_20210301_013400.wav,33.897563836764625,27.5,2021,398
/Volumes/Expansion/Frog Call Project/Calling Data/Frog Calls/FLSHE_2021/FLSHE_2021_398/TEST_0+1_20210211_172000.wav,33.884062642874206,252.5,2021,398
/Volumes/Expansion/Frog Call Project/Calling Data/Frog Calls/FLSHE_2021/FLSHE_2021_398/TEST_0+1_20210207_221600.wav,33.84636202192866,33.5,2021,398
/Volumes/Expansion/Frog Call Project/Calling Data/Frog Calls/FLSHE_2021/FLSHE_2021_398/TEST_0+1_20210206_221500.wav,33.83869957600013,204.5,2021,398
/Volumes/Expansion/Frog Call Project/Calling Data/Frog Calls/FLSHE_2021/FLSHE_2021_398/TEST_0+1_20210312_184300.wav,33.78363062579558,96.0,2021,398
/Volumes/Expansion/Frog Call Project/Calling Data/Frog Calls/FLSHE_2021/FLSHE_2021_398/TEST_0+1_20210303_183600.wav,33.713543765199326,43.5,2021,398
/Volumes/Expansion/Frog Call Project/Calling Data/Frog Calls/FLSHE_2021/FLSHE_2021_398/TEST_0+1_20210315_234500.wav,33.69155096740439,240.5,2021,398
/Volumes/Expansion/Frog Call Project/Calling Data/Frog Calls/FLSHE_2021/FLSHE_2021_398/TEST_0+1_20210318_204700.wav,33.664931549360425,171.5,2021,398
/Volumes/Expansion/Frog Call Project/Calling Data/Frog Calls/FLSHE_2021/FLSHE_2021_398/TEST_0+1_20210305_233800.wav,33.65403895064537,196.0,2021,398
/Volumes/Expansion/Frog Call Project/Calling Data/Frog Calls/FLSHE_2021/FLSHE_2021_398/TEST_0+1_20210225_213100.wav,33.65285115998718,227.0,2021,398
/Volumes/Expansion/Frog Call Project/Calling Data/Frog Calls/FLSHE_2021/FLSHE_2021_398/TEST_0+1_20210219_192600.wav,33.63435983811857,99.0,2021,398
/Volumes/Expansion/Frog Call Project/Calling Data/Frog Calls/FLSHE_2021/FLSHE_2021_398/TEST_0+1_20210310_204200.wav,33.569890307155546,96.0,2021,398
/Volumes/Expansion/Frog Call Project/Calling Data/Frog Calls/FLSHE_2021/FLSHE_2021_398/TEST_0+1_20210124_200300.wav,33.55416343011444,48.0,2021,398
/Volumes/Expansion/Frog Call Project/Calling Data/Frog Calls/FLSHE_2021/FLSHE_2021_398/TEST_0+1_20210211_182000.wav,33.5310364995714,106.0,2021,398
/Volumes/Expansion/Frog Call Project/Calling Data/Frog Calls/FLSHE_2021/FLSHE_2021_398/TEST_0+1_20210220_212700.wav,33.528039038957765,87.5,2021,398
/Volumes/Expansion/Frog Call Project/Calling Data/Frog Calls/FLSHE_2021/FLSHE_2021_398/TEST_0+1_20210206_171500.wav,33.51876284701986,228.5,2021,398
/Volumes/Expansion/Frog Call Project/Calling Data/Frog Calls/FLSHE_2021/FLSHE_2021_398/TEST_0+1_20210225_003100.wav,33.49153017319178,204.0,2021,398
/Volumes/Expansion/Frog Call Project/Calling Data/Frog Calls/FLSHE_2021/FLSHE_2021_398/TEST_0+1_20210216_232400.wav,33.479364819153965,255.5,2021,398
/Volumes/Expansion/Frog Call Project/Calling Data/Frog Calls/FLSHE_2021/FLSHE_2021_398/TEST_0+1_20210210_181900.wav,33.4664791644175,155.0,2021,398
/Volumes/Expansion/Frog Call Project/Calling Data/Frog Calls/FLSHE_2021/FLSHE_2021_398/TEST_0+1_20210124_190300.wav,33.42778076365447,151.0,2021,398
/Volumes/Expansion/Frog Call Project/Calling Data/Frog Calls/FLSHE_2021/FLSHE_2021_398/TEST_0+1_20210208_211700.wav,33.417010110443805,80.5,2021,398
/Volumes/Expansion/Frog Call Project/Calling Data/Frog Calls/FLSHE_2021/FLSHE_2021_398/TEST_0+1_20210211_212000.wav,33.29866453061453,261.0,2021,398
/Volumes/Expansion/Frog Call Project/Calling Data/Frog Calls/FLSHE_2021/FLSHE_2021_398/TEST_0+1_20210131_010800.wav,33.25270227039547,292.0,2021,398
/Volumes/Expansion/Frog Call Project/Calling Data/Frog Calls/FLSHE_2021/FLSHE_2021_398/TEST_0+1_20210218_192600.wav,33.24058407910936,212.0,2021,398
/Volumes/Expansion/Frog Call Project/Calling Data/Frog Calls/FLSHE_2021/FLSHE_2021_398/TEST_0+1_20210207_021500.wav,33.21340790076217,139.5,2021,398
/Volumes/Expansion/Frog Call Project/Calling Data/Frog Calls/FLSHE_2021/FLSHE_2021_398/TEST_0+1_20210210_201900.wav,33.212315170215646,180.5,2021,398
/Volumes/Expansion/Frog Call Project/Calling Data/Frog Calls/FLSHE_2021/FLSHE_2021_398/TEST_0+1_20210210_011800.wav,33.206818813698725,71.0,2021,398
/Volumes/Expansion/Frog Call Project/Calling Data/Frog Calls/FLSHE_2021/FLSHE_2021_398/TEST_0+1_20210311_014200.wav,33.19880259719118,152.0,2021,398
/Volumes/Expansion/Frog Call Project/Calling Data/Frog Calls/FLSHE_2021/FLSHE_2021_398/TEST_0+1_20210223_203000.wav,33.15865338442999,23.0,2021,398
/Volumes/Expansion/Frog Call Project/Calling Data/Frog Calls/FLSHE_2021/FLSHE_2021_398/TEST_0+1_20210306_173900.wav,33.15348693804776,127.0,2021,398
/Volumes/Expansion/Frog Call Project/Calling Data/Frog Calls/FLSHE_2021/FLSHE_2021_398/TEST_0+1_20210203_021100.wav,33.101560576407714,7.5,2021,398
/Volumes/Expansion/Frog Call Project/Calling Data/Frog Calls/FLSHE_2021/FLSHE_2021_398/TEST_0+1_20210306_023800.wav,33.05746166002272,28.0,2021,398
/Volumes/Expansion/Frog Call Project/Calling Data/Frog Calls/FLSHE_2021/FLSHE_2021_398/TEST_0+1_20210131_180900.wav,33.02987736492618,109.5,2021,398
/Volumes/Expansion/Frog Call Project/Calling Data/Frog Calls/FLSHE_2021/FLSHE_2021_398/TEST_0+1_20210130_220800.wav,33.00957493522058,58.0,2021,398
/Volumes/Expansion/Frog Call Project/Calling Data/Frog Calls/FLSHE_2021/FLSHE_2021_398/TEST_0+1_20210305_013700.wav,33.009201879193135,78.0,2021,398
/Volumes/Expansion/Frog Call Project/Calling Data/Frog Calls/FLSHE_2021/FLSHE_2021_398/TEST_0+1_20210211_001900.wav,32.99433419450903,78.0,2021,398
/Volumes/Expansion/Frog Call Project/Calling Data/Frog Calls/FLSHE_2021/FLSHE_2021_398/TEST_0+1_20210214_202200.wav,32.95652681237193,114.5,2021,398
/Volumes/Expansion/Frog Call Project/Calling Data/Frog Calls/FLSHE_2021/FLSHE_2021_398/TEST_0+1_20210131_200900.wav,32.899163595645405,168.0,2021,398
/Volumes/Expansion/Frog Call Project/Calling Data/Frog Calls/FLSHE_2021/FLSHE_2021_398/TEST_0+1_20210312_204300.wav,32.88295902407226,73.5,2021,398
/Volumes/Expansion/Frog Call Project/Calling Data/Frog Calls/FLSHE_2021/FLSHE_2021_398/TEST_0+1_20210126_170500.wav,32.86356951297959,78.5,2021,398
/Volumes/Expansion/Frog Call Project/Calling Data/Frog Calls/FLSHE_2021/FLSHE_2021_398/TEST_0+1_20210206_201500.wav,32.82991906969711,118.0,2021,398
/Volumes/Expansion/Frog Call Project/Calling Data/Frog Calls/FLSHE_2021/FLSHE_2021_398/TEST_0+1_20210320_024800.wav,32.81446654390727,291.0,2021,398
/Volumes/Expansion/Frog Call Project/Calling Data/Frog Calls/FLSHE_2021/FLSHE_2021_398/TEST_0+1_20210313_224400.wav,32.801210223614184,194.0,2021,398
/Volumes/Expansion/Frog Call Project/Calling Data/Frog Calls/FLSHE_2021/FLSHE_2021_398/TEST_0+1_20210223_022900.wav,32.79320577379452,282.5,2021,398
/Volumes/Expansion/Frog Call Project/Calling Data/Frog Calls/FLSHE_2021/FLSHE_2021_398/TEST_0+1_20210205_181400.wav,32.78541631441725,12.5,2021,398
/Volumes/Expansion/Frog Call Project/Calling Data/Frog Calls/FLSHE_2021/FLSHE_2021_398/TEST_0+1_20210214_192200.wav,32.73160982838474,165.5,2021,398
/Volumes/Expansion/Frog Call Project/Calling Data/Frog Calls/FLSHE_2021/FLSHE_2021_398/TEST_0+1_20210226_193200.wav,32.60713470934451,62.0,2021,398
/Volumes/Expansion/Frog Call Project/Calling Data/Frog Calls/FLSHE_2021/FLSHE_2021_398/TEST_0+1_20210314_184400.wav,32.5857610028884,196.5,2021,398
/Volumes/Expansion/Frog Call Project/Calling Data/Frog Calls/FLSHE_2021/FLSHE_2021_398/TEST_0+1_20210302_013500.wav,32.54810291177595,269.5,2021,398
/Volumes/Expansion/Frog Call Project/Calling Data/Frog Calls/FLSHE_2021/FLSHE_2021_398/TEST_0+1_20210314_224400.wav,32.50420712100917,25.5,2021,398
/Volumes/Expansion/Frog Call Project/Calling Data/Frog Calls/FLSHE_2021/FLSHE_2021_398/TEST_0+1_20210212_172000.wav,32.43499823892834,8.5,2021,398
/Volumes/Expansion/Frog Call Project/Calling Data/Frog Calls/FLSHE_2021/FLSHE_2021_398/TEST_0+1_20210309_184100.wav,32.368695286809825,151.5,2021,398
/Volumes/Expansion/Frog Call Project/Calling Data/Frog Calls/FLSHE_2021/FLSHE_2021_398/TEST_0+1_20210202_001000.wav,32.36768891157219,201.5,2021,398
/Volumes/Expansion/Frog Call Project/Calling Data/Frog Calls/FLSHE_2021/FLSHE_2021_398/TEST_0+1_20210308_003900.wav,32.36278853926815,5.0,2021,398
/Volumes/Expansion/Frog Call Project/Calling Data/Frog Calls/FLSHE_2021/FLSHE_2021_398/TEST_0+1_20210217_172500.wav,32.33530143881848,258.0,2021,398
/Volumes/Expansion/Frog Call Project/Calling Data/Frog Calls/FLSHE_2021/FLSHE_2021_398/TEST_0+1_20210319_004700.wav,32.23456267162664,31.5,2021,398
/Volumes/Expansion/Frog Call Project/Calling Data/Frog Calls/FLSHE_2021/FLSHE_2021_398/TEST_0+1_20210313_204400.wav,31.97722556499737,123.5,2021,398
/Volumes/Expansion/Frog Call Project/Calling Data/Frog Calls/FLSHE_2021/FLSHE_2021_398/TEST_0+1_20210305_213800.wav,31.96017183178286,222.0,2021,398
/Volumes/Expansion/Frog Call Project/Calling Data/Frog Calls/FLSHE_2021/FLSHE_2021_398/TEST_0+1_20210317_024600.wav,31.940766562221224,58.0,2021,398
/Volumes/Expansion/Frog Call Project/Calling Data/Frog Calls/FLSHE_2021/FLSHE_2021_398/TEST_0+1_20210319_184800.wav,31.911501801764427,78.5,2021,398
/Volumes/Expansion/Frog Call Project/Calling Data/Frog Calls/FLSHE_2021/FLSHE_2021_398/TEST_0+1_20210312_024200.wav,31.81056877161684,195.0,2021,398
/Volumes/Expansion/Frog Call Project/Calling Data/Frog Calls/FLSHE_2021/FLSHE_2021_398/TEST_0+1_20210320_184900.wav,31.77242288000616,59.5,2021,398
/Volumes/Expansion/Frog Call Project/Calling Data/Frog Calls/FLSHE_2021/FLSHE_2021_398/TEST_0+1_20210225_233100.wav,31.76221828969699,5.0,2021,398
/Volumes/Expansion/Frog Call Project/Calling Data/Frog Calls/FLSHE_2021/FLSHE_2021_398/TEST_0+1_20210314_194400.wav,31.718296671777416,83.5,2021,398
/Volumes/Expansion/Frog Call Project/Calling Data/Frog Calls/FLSHE_2021/FLSHE_2021_398/TEST_0+1_20210126_020400.wav,31.711252969747072,218.5,2021,398
/Volumes/Expansion/Frog Call Project/Calling Data/Frog Calls/FLSHE_2021/FLSHE_2021_398/TEST_0+1_20210204_221300.wav,31.694550629913103,229.5,2021,398
/Volumes/Expansion/Frog Call Project/Calling Data/Frog Calls/FLSHE_2021/FLSHE_2021_398/TEST_0+1_20210317_234700.wav,31.64158510897269,266.0,2021,398
/Volumes/Expansion/Frog Call Project/Calling Data/Frog Calls/FLSHE_2021/FLSHE_2021_398/TEST_0+1_20210301_003400.wav,31.61637730320324,111.5,2021,398
/Volumes/Expansion/Frog Call Project/Calling Data/Frog Calls/FLSHE_2021/FLSHE_2021_398/TEST_0+1_20210203_191200.wav,31.612380735683814,213.5,2021,398
/Volumes/Expansion/Frog Call Project/Calling Data/Frog Calls/FLSHE_2021/FLSHE_2021_398/TEST_0+1_20210222_022800.wav,31.551703935322625,22.5,2021,398
/Volumes/Expansion/Frog Call Project/Calling Data/Frog Calls/FLSHE_2021/FLSHE_2021_398/TEST_0+1_20210227_203300.wav,31.540903631522465,33.5,2021,398
/Volumes/Expansion/Frog Call Project/Calling Data/Frog Calls/FLSHE_2021/FLSHE_2021_398/TEST_0+1_20210301_213500.wav,31.510043615002893,291.0,2021,398
/Volumes/Expansion/Frog Call Project/Calling Data/Frog Calls/FLSHE_2021/FLSHE_2021_398/TEST_0+1_20210307_183900.wav,31.482508565820748,239.5,2021,398
/Volumes/Expansion/Frog Call Project/Calling Data/Frog Calls/FLSHE_2021/FLSHE_2021_398/TEST_0+1_20210308_023900.wav,31.41518257822668,134.0,2021,398
/Volumes/Expansion/Frog Call Project/Calling Data/Frog Calls/FLSHE_2021/FLSHE_2021_398/TEST_0+1_20210126_000400.wav,31.393406879678903,164.5,2021,398
/Volumes/Expansion/Frog Call Project/Calling Data/Frog Calls/FLSHE_2021/FLSHE_2021_398/TEST_0+1_20210224_023000.wav,31.180065644950027,42.5,2021,398
/Volumes/Expansion/Frog Call Project/Calling Data/Frog Calls/FLSHE_2021/FLSHE_2021_398/TEST_0+1_20210225_223100.wav,31.132465401027986,50.0,2021,398
/Volumes/Expansion/Frog Call Project/Calling Data/Frog Calls/FLSHE_2021/FLSHE_2021_398/TEST_0+1_20210129_010700.wav,31.127548541701163,86.0,2021,398
/Volumes/Expansion/Frog Call Project/Calling Data/Frog Calls/FLSHE_2021/FLSHE_2021_398/TEST_0+1_20210309_004000.wav,31.011851934567478,101.5,2021,398
/Volumes/Expansion/Frog Call Project/Calling Data/Frog Calls/FLSHE_2021/FLSHE_2021_398/TEST_0+1_20210303_193600.wav,30.830843467848503,264.5,2021,398
/Volumes/Expansion/Frog Call Project/Calling Data/Frog Calls/FLSHE_2021/FLSHE_2021_398/TEST_0+1_20210205_201400.wav,30.77595943085087,194.0,2021,398
/Volumes/Expansion/Frog Call Project/Calling Data/Frog Calls/FLSHE_2021/FLSHE_2021_398/TEST_0+1_20210307_213900.wav,30.73862532727142,61.0,2021,398
/Volumes/Expansion/Frog Call Project/Calling Data/Frog Calls/FLSHE_2021/FLSHE_2021_398/TEST_0+1_20210213_202100.wav,30.69621045739822,299.0,2021,398
/Volumes/Expansion/Frog Call Project/Calling Data/Frog Calls/FLSHE_2021/FLSHE_2021_398/TEST_0+1_20210315_214500.wav,30.691194176868123,165.5,2021,398
/Volumes/Expansion/Frog Call Project/Calling Data/Frog Calls/FLSHE_2021/FLSHE_2021_398/TEST_0+1_20210301_183500.wav,30.45722796158944,103.5,2021,398
/Volumes/Expansion/Frog Call Project/Calling Data/Frog Calls/FLSHE_2021/FLSHE_2021_398/TEST_0+1_20210223_213000.wav,30.28767387595816,166.0,2021,398
/Volumes/Expansion/Frog Call Project/Calling Data/Frog Calls/FLSHE_2021/FLSHE_2021_398/TEST_0+1_20210127_190600.wav,30.22393728597143,49.0,2021,398
/Volumes/Expansion/Frog Call Project/Calling Data/Frog Calls/FLSHE_2021/FLSHE_2021_398/TEST_0+1_20210203_211200.wav,30.187971801853337,101.5,2021,398
/Volumes/Expansion/Frog Call Project/Calling Data/Frog Calls/FLSHE_2021/FLSHE_2021_398/TEST_0+1_20210130_170800.wav,30.182714188707543,88.5,2021,398
/Volumes/Expansion/Frog Call Project/Calling Data/Frog Calls/FLSHE_2021/FLSHE_2021_398/TEST_0+1_20210319_024700.wav,30.085494197961587,226.5,2021,398
/Volumes/Expansion/Frog Call Project/Calling Data/Frog Calls/FLSHE_2021/FLSHE_2021_398/TEST_0+1_20210306_013800.wav,29.876155858008666,41.0,2021,398
/Volumes/Expansion/Frog Call Project/Calling Data/Frog Calls/FLSHE_2021/FLSHE_2021_398/TEST_0+1_20210210_171900.wav,29.80118330412777,1.5,2021,398
/Volumes/Expansion/Frog Call Project/Calling Data/Frog Calls/FLSHE_2021/FLSHE_2021_398/TEST_0+1_20210304_173700.wav,29.60666811573873,133.0,2021,398
/Volumes/Expansion/Frog Call Project/Calling Data/Frog Calls/FLSHE_2021/FLSHE_2021_398/TEST_0+1_20210221_022700.wav,29.432662476217725,65.5,2021,398
/Volumes/Expansion/Frog Call Project/Calling Data/Frog Calls/FLSHE_2021/FLSHE_2021_398/TEST_0+1_20210220_182700.wav,29.43205732418724,130.5,2021,398
/Volumes/Expansion/Frog Call Project/Calling Data/Frog Calls/FLSHE_2021/FLSHE_2021_398/TEST_0+1_20210124_210300.wav,29.334654190632424,93.0,2021,398
/Volumes/Expansion/Frog Call Project/Calling Data/Frog Calls/FLSHE_2021/FLSHE_2021_398/TEST_0+1_20210304_183700.wav,28.444801249826185,108.5,2021,398
/Volumes/Expansion/Frog Call Project/Calling Data/Frog Calls/FLSHE_2021/FLSHE_2021_398/TEST_0+1_20210221_002700.wav,27.0720231893985,201.5,2021,398
/Volumes/Expansion/Frog Call Project/Calling Data/Frog Calls/FLSHE_2021/FLSHE_2021_398/TEST_0+1_20210320_205358.wav,19.692467440200083,0.0,2021,398
